timestamp,current_A,voltage_V,stack_temp_C,anode_p_kPa,cathode_p_kPa,water_flow_Lmin,ambient_temp_C,ambient_rh_pct,H2_flow_Nm3h,efficiency_pct
01-01-2025 00:00,78.38939804990726,2.0835955298650948,52.329480040148155,158.27368356181898,141.3862136,0.28991762174081037,28.387049846944528,68.97658409119666,0.021269058832015277,51.3964981
01-01-2025 00:01,217.8932988981999,1.930135925293757,62.22629093097292,198.45379950800108,204.93788202366224,0.23944718968785975,27.541751627700208,42.629300334236206,0.084965935,53.37711148033546
01-01-2025 00:02,180.07692522594832,1.6260475197128916,62.213194673768825,180.24195112785364,206.88765310406853,0.4059833731939755,22.166547262326162,71.48219026764642,0.052249856549709726,65.82953991813255
01-01-2025 00:03,243.07959793390984,1.9798908253564136,51.98029532420725,206.3408364483854,219.86557803566365,0.30852917372830224,26.630993196771126,65.19683335172577,0.07919694,48.96873310865124
01-01-2025 00:04,180.04087527799834,2.1708420053239945,60.46461601908438,230.3804890483475,233.27529390603132,0.40803843220194713,25.011569781298448,77.28367685254022,0.049865330079098734,47.00453936381721
01-01-2025 00:05,263.04537507963505,1.9609670920877988,53.32994296373945,163.7148488152743,142.0137849,0.5080464445751693,27.82746312957784,50.446361787833595,0.10595942660369544,53.56029116346618
01-01-2025 00:06,187.9767096936214,2.091513315656074,74.24705630027667,208.0699084554285,155.3783705513216,0.9543862272569086,28.78481503143199,63.098491972531704,0.079787122,55.274351368371924
01-01-2025 00:07,190.23449288384657,2.1305238780090447,78.43064077893412,200.5508760389864,228.61712940559931,0.6883008478253536,20.127433679108144,53.24273904066354,0.054889866164681306,51.95212318969858
01-01-2025 00:08,269.1634006645862,1.7368478631693596,52.16949425773816,164.40787860131996,185.85185621870153,0.867979029,31.415089744243332,61.52943486542718,0.091642719,61.151670005814644
01-01-2025 00:09,150.87071655309927,1.7272269039449362,78.65345621875105,212.39984855289825,196.45906389334635,0.7682812005698658,30.695214377926114,52.479945300386866,0.04373675,67.64520483170898
01-01-2025 00:10,83.50380711266018,1.966588593310595,65.67729798010235,177.36404178607717,206.30272037231475,0.29000250442130543,25.494295793097834,39.431612321203744,0.034123222,55.70733070051858
01-01-2025 00:11,57.195669078334745,1.8466170818840228,58.98697033861622,198.78343185440124,207.90666044956373,0.788736325,20.794039033532275,55.394870800169045,0.02425738,55.589188245706005
01-01-2025 00:12,238.78431391840476,2.1039167817200326,52.305862258284904,158.22723242770618,233.17404033165082,0.4200791052472996,31.323988096775757,56.42921007187212,0.088109801,52.72516447152546
01-01-2025 00:13,205.07738783836618,2.140013874038807,65.01872804211254,195.9584057213623,239.69494174116699,0.7112862775957651,34.32762740717199,70.53019241300805,0.072020109,49.44293268307406
01-01-2025 00:14,226.01994202480589,1.812052827581631,73.83546633472247,180.64634680428202,212.01574609309404,0.47276957891439086,23.602273940330214,66.77603528967906,0.10507074264219465,63.70499677972444
01-01-2025 00:15,103.24104037722768,1.7421223353846893,71.21259431800095,232.23812111853545,168.72212092051507,0.9981378106117273,24.85286920605557,63.1895812,0.024306510876263884,66.78795342
01-01-2025 00:16,84.09286889669244,2.068315309146317,51.50678034391921,155.69787269973682,227.97524022943435,0.4108411835974223,22.757193342227225,35.66935477762863,0.011065077536026823,49.987565664104366
01-01-2025 00:17,53.63616641697048,1.7648836213288819,52.18705506103711,191.8607275,144.92209145407617,0.4233043766194158,28.654041850172597,66.03081453318575,0.014037213742670498,60.56095918804729
01-01-2025 00:18,137.64688970164923,2.093568591108207,62.086198478979114,195.8431424131438,163.10808528744963,0.9445378044499186,22.322620919711824,55.01525781772574,0.030431825394449816,48.412013778986136
01-01-2025 00:19,197.47942171365827,1.8542429521892578,58.85871482,222.50060762991188,229.7385717463715,0.21971552370905814,25.342909151920693,74.70497680530796,0.051230984,59.80092624936076
01-01-2025 00:20,148.0610112749331,2.0005299395748826,56.97152969168143,207.4287575090211,165.6191514439355,0.7573511902985575,30.455195209013944,75.99354670652714,0.039587292,53.14453003640389
01-01-2025 00:21,159.36873050593226,1.657321188300801,58.43013496726141,216.7212337194181,162.06510596217484,0.7802611125887025,28.401739745140226,32.757829530089275,0.044166636,64.77339926324143
01-01-2025 00:22,276.0396736234371,1.9743155948059439,74.10448229890653,227.7049285651756,153.81252931402472,0.8691028619283194,25.79693846491903,71.03207801772393,0.08292711,59.68634389027808
01-01-2025 00:23,137.06386675582507,1.8710606072423377,77.87684160895562,236.22029736581888,225.91117576469165,0.9795514485107804,26.30374402711313,31.88486952113353,0.051098585,62.319648104743585
01-01-2025 00:24,178.4973722899527,1.9519650779052846,62.15308083582699,181.38754967224705,190.00582591910867,0.980481535,28.431663239348442,48.358481284751136,0.054734729,56.811651775489274
01-01-2025 00:25,245.91325318528578,1.7008085246469182,77.18333006,203.8022705363903,207.48932030541548,0.2522214060531711,20.08797091830742,57.114998781053956,0.080585794,71.18816680227809
01-01-2025 00:26,149.13569558031753,2.0421242469665093,59.64487103743646,234.0108078,163.90663840750295,0.857471458,21.17764802680415,37.40503993135637,0.058902785764415724,51.28778197
01-01-2025 00:27,205.52167505696838,2.117678246525937,64.29310959031375,248.94511309650565,215.80404210112164,0.717047947,33.21887101644518,67.31569062845384,0.061186536,49.78539607
01-01-2025 00:28,265.59092718668626,1.7300438800544655,56.780869934479995,238.9519311043763,216.00055449620984,0.7178737074984729,21.168184836369363,30.417735208606928,0.086327502,64.77447326172961
01-01-2025 00:29,287.3801559144105,1.6574287333120972,69.21428126527532,187.14672626243768,171.2598025,0.30267994129175585,30.60205394315758,38.42995242170184,0.099929952,67.09598475297108
01-01-2025 00:30,86.76837023225949,1.614183151627802,79.36943345524426,169.51665172186503,181.06826330102828,0.7201497331565228,33.80057246163579,59.03984149267379,0.009651726,72.41466395162878
01-01-2025 00:31,281.64690629037364,1.9851829002659598,68.10479288130136,198.93925374065887,160.9690277430201,0.9859860644809983,24.060254064525967,65.71937810186462,0.070502659,55.46473973892418
01-01-2025 00:32,173.02907326988455,1.9642564216532685,60.734422523406465,224.1641451836042,237.65610233229043,0.9294548556315576,25.557371555892715,75.83215513469581,0.061425913,52.66451053518377
01-01-2025 00:33,114.56109707473959,1.928018447628442,69.43452337971586,199.25690707532976,204.56025770584117,0.5513045286438805,28.533821087670745,65.27483259673119,0.04329811,62.401440348153244
01-01-2025 00:34,164.78393905956534,1.7391682576695853,53.68762035396163,198.31808633136686,233.45438807155153,0.23195837862887547,33.22563454457877,63.58896351,0.075844821,59.35620687702411
01-01-2025 00:35,295.00814382136923,1.8345435975433089,76.65977240796195,233.82304210818006,170.33855436291333,0.4898347920001639,34.12858381,49.71705731753322,0.1004086769388268,60.35400277248573
01-01-2025 00:36,173.1545234982174,1.9566858011117039,65.09251852339509,186.14037790671864,218.18909129968898,0.8611122492804442,31.09344872166902,30.06422127634007,0.066204163,58.379524811618026
01-01-2025 00:37,132.18790257187703,1.8980601153155017,63.48049226118926,235.97946748116456,216.5858643884742,0.7611992811721329,21.29929641282041,36.00796294,0.042328220925719064,59.20022634121088
01-01-2025 00:38,208.35021357918146,2.1926713121289323,67.57594365360558,190.68048009517236,209.16556518665413,0.5674749244751651,30.03731233302276,56.72772723780196,0.072769594,44.756406610602276
01-01-2025 00:39,110.03640469454827,1.681863852,68.74351588368208,182.82331056783394,236.56389752668002,0.2440812281270649,26.154555828089933,63.756494292220985,0.053534763990169015,68.68872715
01-01-2025 00:40,68.96583202716599,2.0170867324285564,52.15327418679539,195.3989911199699,179.35553361063154,0.541515782,27.060514992365924,50.87241419482312,0.001863626,53.68288643021145
01-01-2025 00:41,82.21993048,1.8425912608625754,70.47851663670207,226.24469586748683,153.07173235897574,0.5752199517743068,20.737225855177655,66.53395057641951,0.031679839285733674,61.33152677764343
01-01-2025 00:42,82.01145973944311,1.856919768955369,57.25795040946589,162.60020278639942,207.1708859244061,0.9428444263153088,22.865932090195372,56.093114766608934,0.048829706313487105,63.37244512382759
01-01-2025 00:43,87.97567338,2.030558659394906,71.41857897519769,169.64192158720175,212.93098004772062,0.7128688828657277,31.857704113004715,33.70880977971561,0.032292192773748084,50.61324579750723
01-01-2025 00:44,84.70679316235254,2.015461690794622,74.67604383,245.1444825663092,197.50605734588146,0.4493223333237191,26.809382495717898,39.60081254839744,0.044882505341716575,56.704388042238506
01-01-2025 00:45,210.21868620080366,2.194753596221313,74.11875522657562,167.54916273813575,160.68178931333964,0.6202546115605772,24.52493362446723,71.99991116219715,0.064131138,50.36666387
01-01-2025 00:46,95.47002109978621,1.6770365736724753,66.57502902223668,206.77273179310546,190.44559416693554,0.25284424625772806,25.76028610947437,66.24563733122199,0.031661982,69.01623066075882
01-01-2025 00:47,136.4168208309658,1.66246579,65.60509676932253,207.93144666619378,171.21897365691294,0.9780545885197895,32.8159927,74.73809935062475,0.046034882,67.21367631535321
01-01-2025 00:48,274.19710247650295,2.0346032902772446,54.28627884018235,198.9624462050245,182.7466528166689,0.4880479215445808,31.234985261074353,35.87786245604683,0.069680119,49.89224119292438
01-01-2025 00:49,168.4904100657181,1.9470321502038457,73.26038451209406,214.47452485768184,204.52185758446637,0.5822938839305087,24.084730957716243,79.51112673075369,0.044762509093513564,58.659081236439505
01-01-2025 00:50,216.8894346302568,1.7644963999358836,58.142281413401435,172.98267257976184,214.52147426908346,0.4842271793895381,21.7625276,40.47033569749668,0.061689209807296176,63.68010925854909
01-01-2025 00:51,93.07996780040746,1.647651621393392,64.90086268,205.26622677767483,163.22246909013433,0.7460093840929602,23.779973324661075,30.58899381,0.03940245,69.27905455373673
01-01-2025 00:52,98.0722547,1.6513949497578584,58.52822279,187.21732552468973,180.53253606469534,0.7297857266636745,33.81134676582101,79.87114695,0.041575736,68.72996234883755
01-01-2025 00:53,60.21715406661971,2.1365145247984714,54.01485089,216.16672596291892,166.91615709916292,0.7722578484233085,28.723832567746328,44.053694272255655,0.023413111039382938,44.30464927192584
01-01-2025 00:54,92.23376576804114,1.715120394831246,68.88673090675209,164.12235433731496,159.8631613861869,0.4145145836895367,28.002203131171743,63.40097262562799,0.039139341,65.71698842985333
01-01-2025 00:55,119.64758475798966,1.7940229372693126,51.629961044687114,207.08774168394763,218.33872199958384,0.4525347849312528,28.94590399538692,38.83411570881526,0.038440446766708804,57.685042853917416
01-01-2025 00:56,94.25262107,1.7359938413361928,72.45935702,168.52703553833237,230.92526944369922,0.3002009848769664,25.49042398619773,59.011426609957084,0.043593945,65.27989219913721
01-01-2025 00:57,72.17563344,1.8129977834991626,59.52760386,177.86430631150364,177.02321856845768,0.7244079774768901,32.106605304792694,75.20174932272796,0.024266722,62.41605121522881
01-01-2025 00:58,80.15896778,1.641654305647656,50.00404079013456,171.87098003235832,215.1278924373767,0.23183770186852204,27.849293739503747,46.00905837142193,0.027431894678942883,65.55060377357114
01-01-2025 00:59,165.19469200818145,1.9114358745449622,65.33387418,168.28377798688172,229.6995289364411,0.6781458684187673,21.751218541531934,63.51269880221796,0.052684295490116675,62.82305817992444
01-01-2025 01:00,101.58342960144813,1.640567538155329,51.40555725582809,232.5710951560667,224.61242105302316,0.8957567078813071,21.935976872435944,39.395179439920824,0.040874954,66.04522265933188
01-01-2025 01:01,141.06746526201886,2.080213904693417,58.28508673462699,178.57075676608903,158.2813388539226,0.9126657186317069,28.052887197539278,61.239769935936266,0.043045613,49.56784492034819
01-01-2025 01:02,175.85431771371424,1.740227249,71.20929462367148,242.71237818644494,235.62918815133614,0.5592302082959694,34.04855327106259,46.822517590875506,0.06867551,65.84513479776433
01-01-2025 01:03,222.59870715734132,1.9240071487627066,51.880688648655976,246.9926525345191,177.66764404294625,0.567442951,24.62528182514298,40.560412929397586,0.063249075,53.140234393503064
01-01-2025 01:04,59.828034960274735,2.128047452536875,75.18015477068008,207.12604699370974,173.92406611738363,0.2615753464064139,33.043117532888274,45.65910253518176,0.009053229,50.798459627905835
01-01-2025 01:05,249.85259972726067,1.9905264214283167,50.114597679757495,164.30011226657263,146.24313272777803,0.7366120203544286,31.46143379868319,38.94205342538997,0.090574888,53.65743873304213
01-01-2025 01:06,206.97509737272694,1.9197746719308013,57.40471607605707,187.45482433795814,188.6173654104883,0.8570075362982765,23.717186643603604,75.09580539189415,0.068451215,55.91789767423491
01-01-2025 01:07,70.43975798721797,1.7946002518692254,72.22712168456215,229.7732263348214,150.90136156409287,0.39572404368377045,20.545111224743636,49.85934431585645,0.019058405,62.07449480237648
01-01-2025 01:08,268.3946560266943,1.799801147834919,59.488104491879206,186.73907286970706,164.8539820927426,0.5370407053066917,21.52770897713574,42.263965248718364,0.098812787,59.05540574402182
01-01-2025 01:09,280.2181001329533,2.001692173118914,53.056771641980404,158.70172183027887,171.69426217672813,0.8710714694122164,30.927409007711603,52.42039205079664,0.087800449,50.643263620307835
01-01-2025 01:10,65.26948996371594,2.1964836167327006,60.80701756401284,205.6784910928188,220.8826323491684,0.9016963741298305,22.99504607,46.02680834032478,0.019863266594841143,45.449785712316306
01-01-2025 01:11,119.21941203680093,1.9971035139096274,58.111798591535766,234.51208514960348,227.54886503958966,0.39454398421138076,25.569063807580907,67.22096269,0.053930783,55.12539223287458
01-01-2025 01:12,251.55031994826533,1.9346700504220151,75.28135706481665,229.59263871435024,170.24663174614696,0.6404565076330915,27.525487490096374,78.56099559427471,0.099660781,55.98849211334985
01-01-2025 01:13,237.0649225959146,2.038390306143548,59.400437527554296,167.51231401303534,225.86981212445738,0.35399452050866165,30.882022526752444,51.90168283488234,0.095140731,50.70482270399143
01-01-2025 01:14,96.13025483909433,1.879123367370231,73.66797415328021,217.27646144124668,225.7230937369791,0.28150301131164523,21.69846834888688,73.05166999861203,0.029382377601757492,60.85728017471697
01-01-2025 01:15,102.33733083417758,1.6360854055604712,76.75616434432204,172.0504263435647,216.46509503848733,0.9288964011135661,26.095496079161922,58.293153677980975,0.046590035,67.24040511
01-01-2025 01:16,142.6180256978455,1.937378089526746,63.014522587295886,171.82075345521721,154.66951140151815,0.8564060033856873,27.27609363714043,37.861783254711675,0.038287510331091464,54.44058437045653
01-01-2025 01:17,171.13074629775534,2.1745751707032284,77.29829431563176,237.40717733051852,209.0322846900729,0.8080279214425392,28.112405959573096,64.53113710406708,0.048259771,48.11687495552484
01-01-2025 01:18,204.5636929,1.705181765414596,61.319541618895784,174.96689527402302,234.5024064580569,0.23901305505051235,32.27540962092825,55.67172485629101,0.045024279,63.464696959494326
01-01-2025 01:19,142.2284098924431,2.0140029344923995,78.92235249470325,176.32473465180112,208.2540478767157,0.8749830341682061,22.575172925648253,62.53032616260517,0.064375199,56.608132209287966
01-01-2025 01:20,165.63367903328697,1.720560213195434,52.67868573576719,150.06533907612996,173.16168491078338,0.550435261,32.11747177739933,74.48437062858325,0.046847483985390355,62.39220940033249
01-01-2025 01:21,236.86773453343915,1.921496610683849,70.61057799509729,237.06690341255177,190.05793174308315,0.4739160986366877,30.393176415449783,52.02172853,0.078085365,57.15167896646343
01-01-2025 01:22,59.170800722649474,1.6580058697880318,64.81442121370786,229.25948132091347,204.57250433510535,0.6371810888203011,28.33806221298439,75.05888116086778,0.010718974822804735,68.49857470432556
01-01-2025 01:23,113.10923608600518,1.870222561754911,61.62946416366941,212.7328935090678,191.05704087285037,0.2730825941788447,30.49291805603858,67.53345071408275,0.044843247,61.96313979782994
01-01-2025 01:24,228.3373964711381,2.0536979973371476,68.98135636245803,225.02657639388423,151.9952942,0.805317239,26.180266084274848,54.43024629389924,0.072736691,55.92686441248921
01-01-2025 01:25,273.80170942179984,1.8085429145433893,71.11571274902994,165.20485674244918,171.20640446520207,0.6659480615106368,22.075963789521868,60.16110678289819,0.078675404,59.03588242394574
01-01-2025 01:26,177.9193605289165,1.998947034692331,50.13089808950927,195.83235945875754,220.23960305536326,0.34927207749853406,29.98647860398051,46.279056625950574,0.064019611,52.222442597878896
01-01-2025 01:27,183.0283713163289,2.0772699764738376,55.008592662415964,185.12193873487809,226.14180460955174,0.3505857598152365,27.870084600284333,79.17986498693871,0.046977204,48.55487289340202
01-01-2025 01:28,76.79300283494402,2.156306691687672,71.39138151902957,159.37765262570164,153.73000327155702,0.3473989212581394,29.590622008141633,63.36755815,0.017351598696551333,49.33631932202975
01-01-2025 01:29,161.85309170586368,1.7407852491132723,69.99156241,198.6130485214924,235.23867523987246,0.2456019100415472,25.06998171542735,32.19234262,0.033151894575203525,64.57033644985326
01-01-2025 01:30,183.15431661375578,1.839589549485585,78.98142515386031,242.07396503426355,172.88226178486093,0.6702387594973478,33.60299866009754,46.33109528740044,0.047117115,63.44788031112307
01-01-2025 01:31,110.61762590868241,1.6914496079982506,72.83113370752349,154.00591190506944,206.23137387307202,0.8722785420708066,28.810548028633654,61.165721687952875,0.038842196,68.21105721
01-01-2025 01:32,117.31080773734524,2.195490101295025,78.52318123194014,179.1460913493794,215.18251459566812,0.2139985711899109,21.281037264363107,32.81666388996199,0.01965376,47.72712867988918
01-01-2025 01:33,144.32104077615566,2.1562005807545774,71.07621504604421,170.75409362057036,221.19462346378833,0.23920371597701884,26.74705986056643,31.194209565957138,0.033536091,47.17448468337538
01-01-2025 01:34,55.01779944443159,1.9239742781683358,58.94156626,173.81466536656964,234.5749702,0.6582162213495566,31.345340821154515,52.501211976390124,0.018407273652556504,54.931950759864264
01-01-2025 01:35,130.51979139579458,2.105219976625853,53.16094767,240.84345518793754,171.29195480288226,0.8555965483088419,31.912018425984087,46.63450898,0.038288061,47.891908997384554
01-01-2025 01:36,102.86200174913617,1.9125747863632254,73.45471590034806,196.80690542342901,225.85064545515544,0.4613911124549069,27.418955791456384,51.914930401658296,0.054379137,60.385944408909126
01-01-2025 01:37,131.87433804447866,1.974151412801656,69.32447664427748,196.6299412939819,153.1686903436207,0.47969151904617774,33.42121356246952,43.13466549400026,0.062516869,57.60553677146956
01-01-2025 01:38,79.94053295,1.6534746592696101,51.44558037179889,226.05756424552823,210.50409063535926,0.6770771979974208,24.015026557914464,38.235887347149045,0.018100854,64.16174965744155
01-01-2025 01:39,272.6318201849738,2.053162252298085,60.80151397702935,165.44922040049258,214.19777295139858,0.4193703112993176,26.15898046,64.45716784901688,0.096903036,51.60150183808794
01-01-2025 01:40,198.39811338851217,1.676628090181141,78.70399446452859,198.72653541000508,207.77232412013205,0.2212866928621473,33.47895365853455,55.728555813390024,0.073956194,71.60068046956667
01-01-2025 01:41,219.7755797861224,2.0956405781515173,65.01203437130604,192.99852141210596,165.2314736135153,0.7881828144812768,33.44385074707368,40.00771056246834,0.067650031,52.50797353848878
01-01-2025 01:42,247.29280965183457,2.069216852602232,62.98187408059114,209.6910690546656,227.30431470152035,0.7005199303531626,30.285691532370215,45.97947131299992,0.067887676,50.71003500376591
01-01-2025 01:43,174.6105497322643,2.025246818645786,63.73098815477882,249.95577032504386,156.8858463370395,0.6646047992445273,32.88470821,59.590395383166296,0.05837155,52.294461435245104
01-01-2025 01:44,71.73007202185592,1.6216962283148573,56.266481720154914,226.9448894082047,145.36347915208307,0.7933473031934586,21.33159900434349,33.61146741362389,0.022301117379180627,67.76769567910948
01-01-2025 01:45,184.27663545463693,1.7818770135671973,61.06121512594386,189.78657030174273,211.74649906119123,0.74018467,32.974924643116644,37.37265046330898,0.057375028,59.63774753670607
01-01-2025 01:46,196.71027950521977,1.7578675419465057,61.09439768,232.75530522740468,187.54757152327338,0.36470559054265694,24.809298598253402,33.662280205369505,0.070321112,62.516958835991815
01-01-2025 01:47,236.3598685460825,1.8160818444829117,51.570650605624174,167.07083633124802,224.9098019958676,0.4819848375546809,22.674972686423246,70.61586663570594,0.07167326,60.16002913875463
01-01-2025 01:48,157.91488655741983,1.6525856480583032,73.02702885553755,153.0463686,178.3397141058259,0.300888113,23.590547545130697,67.62046166060045,0.041381511520944214,70.78587410766279
01-01-2025 01:49,81.89507569889093,2.162174693818638,62.49513295711637,170.4448372464273,156.8278588507713,0.30388561073430487,26.269527620208308,67.66564659396286,0.028525680062626783,46.471503629949986
01-01-2025 01:50,120.94397644968112,1.9322813444274258,74.6653966,184.04115561142595,223.64421924698698,0.7409565970852314,23.767880069067008,65.81626717,0.044375933,59.07726194597585
01-01-2025 01:51,140.77057409965877,1.7833145863948143,75.51044003359686,201.0580757,194.89096316400716,0.8868800855859986,24.808513790247485,63.46927118349346,0.035391692884385165,63.12020387034542
01-01-2025 01:52,211.4793103329003,1.83818891,56.359821640959744,211.5129141,158.9195792390355,0.9701860670889113,22.02467729107463,53.84959576890875,0.080126475,60.15139221485919
01-01-2025 01:53,192.69457616722798,1.8683215243029014,69.72060446510386,241.06057172144216,212.0383998586446,0.7026776940395556,24.442651483384978,62.113908175355746,0.046847871638260596,60.05561704863177
01-01-2025 01:54,139.02418147446156,1.9603566000163706,64.16845412488945,200.98540095504578,191.11136384895005,0.3472810586887656,28.58425721813002,31.918077739398733,0.040791966,54.86752392
01-01-2025 01:55,296.62881219824493,1.9094076566178988,76.40470213764455,200.12756446257293,200.4312982,0.28452027635914456,26.627805621365958,61.07322113283923,0.096790567,59.18118649062619
01-01-2025 01:56,201.4437048392218,2.1516351839286507,56.472220375293624,155.0243009822982,186.08983382065819,0.8502807772294063,25.200781418538668,68.89388527684386,0.061121404,46.10324898411298
01-01-2025 01:57,109.30669793399862,1.8981780897434983,70.33439600930133,153.49115526562238,222.87089838180066,0.6630051810879994,31.19678193285671,55.01791801921951,0.030967139072377615,58.244000322256426
01-01-2025 01:58,75.44561815510093,2.195294808893988,68.23256366758167,205.1159961916372,222.9562716,0.694628017,33.40264957089977,47.87566642136184,0.043985026905039956,48.15100644976195
01-01-2025 01:59,88.21478479608301,2.1108549746470575,58.85904432715498,193.81786132483444,210.93888218243862,0.8251696710037675,31.351838343535956,43.87133674004896,0.021043112,47.54704278351634
01-01-2025 02:00,111.48943209612703,1.7251063086144016,54.09802710953518,233.91803949802986,150.54013773964624,0.7626217821859613,24.98001053176519,62.14010250810412,0.061761177,66.00128126938574
01-01-2025 02:01,90.17034331488892,2.158357129,69.54919281,166.0679584711845,223.8853861904069,0.8675666022848774,31.166632517563308,64.64005993149544,0.034578333,51.505974418372425
01-01-2025 02:02,96.64175601282645,1.6698198387312857,72.15792374396992,152.49716621170495,207.10129805329098,0.2449711243679028,22.279702737110767,73.54837999312713,0.033295539637416785,66.85570421983354
01-01-2025 02:03,121.27379217346177,2.090469825094715,59.46882031,194.90387679301259,209.70241660042996,0.7980165093972038,21.954769821369364,47.11670412304954,0.045389124,49.41437959765006
01-01-2025 02:04,93.34339882368872,1.828373976085948,69.34497812066941,173.74785567522576,176.29828404038716,0.8806822058576764,25.184405555542384,68.48861536927927,0.056569316,60.43272333802357
01-01-2025 02:05,274.1913561566063,2.126784592267042,61.85392723,154.96143733388374,227.92795561570068,0.4289080339666515,32.115535535660854,58.06779121,0.081918174,47.64610662861013
01-01-2025 02:06,70.05843641541055,2.1208340140644704,71.39620649847853,222.4598286847629,212.53716002348574,0.7123578191946023,23.69522370863453,74.14182453390396,0.012265397009798644,54.45073567240649
01-01-2025 02:07,181.12784739256367,2.083555240070573,55.97645824682159,161.15929999572475,151.25904665291944,0.4513296510695777,20.948801133480195,56.390605414781035,0.053129166910789616,48.23793921230982
01-01-2025 02:08,152.5992067474154,2.074018261784237,76.70645007908523,210.83195000077717,180.77780344061625,0.9663768531859633,21.975643028095327,55.88149141989836,0.051442166,54.10101161860242
01-01-2025 02:09,295.59465422715164,1.7828074834588246,58.622287893967396,178.1049750166889,228.63803619601418,0.226738858,32.88117453,58.89385407204546,0.081766498,62.49480082845705
01-01-2025 02:10,78.00972554201309,1.6485515698307514,61.033579632684585,167.3496050355022,144.7196701697379,0.663834275,29.506749271209316,67.46576775712171,0.026356650449760464,65.26339438834039
01-01-2025 02:11,149.4638997614354,1.841788107259097,51.74275856241049,187.97515229193175,236.14166196420496,0.3332028376396121,23.79801745054965,78.23452394142305,0.067005878,55.966836473299814
01-01-2025 02:12,292.3676083188422,1.7041147089919053,53.34536636963829,230.14457762229537,207.91625683195628,0.7697761641417269,28.32943737992272,33.67816771078828,0.099457223,61.09244017143522
01-01-2025 02:13,266.37678147349504,2.016970653341477,65.47585708136984,189.20935769045727,203.13759776433767,0.3407122267349297,27.913694336380257,32.67173011955086,0.086309367,51.644403814819334
01-01-2025 02:14,254.26801773731998,1.8076598359226714,58.027780301839144,225.07696492110557,167.05592564879913,0.38830660951868606,29.83153967660992,76.87751687036692,0.078998181,54.59910240482662
01-01-2025 02:15,114.47570676123496,2.1853661205159494,75.06440677226583,162.54862967991508,164.8791788739177,0.5954966488366065,23.497813316324244,56.49378127591031,0.047334479,49.68740133540245
01-01-2025 02:16,92.72189684751646,1.9845832464071993,50.44080165964861,227.2771419665079,234.20582194885955,0.9318679599975026,32.966044807915964,60.74515073,0.022803507711537538,55.81321815815389
01-01-2025 02:17,217.16080498110776,2.0934883381806166,61.372821460158086,173.69333249066486,169.82724542341228,0.3693714977183767,24.64052843120019,54.12118007973645,0.091212829,49.830672242880006
01-01-2025 02:18,282.34399728189646,1.679514803645109,60.12036640307278,217.73931298888726,217.55052967189994,0.3153920168944828,30.411974809643553,34.68287263037372,0.11391883656657889,63.01094341612899
01-01-2025 02:19,189.19072325348245,2.1172086893635735,50.579828927528034,206.57815548409963,179.3121798207079,0.8071814654832246,20.241869695583222,68.40446892093333,0.0659464,45.14206544516277
01-01-2025 02:20,192.90317236747495,2.153654314308037,53.73105197001531,242.91447172116875,153.92540707847039,0.6004956258671448,25.58985694841221,67.36123225442935,0.064507412,44.68228413
01-01-2025 02:21,119.99477341507104,1.8922371512913616,62.40928024755906,188.7322517975314,141.07152976953589,0.9294280899054173,25.275647269382127,45.58516607,0.050504847,55.75720044
01-01-2025 02:22,242.37323329798423,1.9637517626505865,64.78593753,156.61651888344403,194.42573370152508,0.31729164572787383,28.152266428745218,45.31196226142002,0.092143018,57.12748227745153
01-01-2025 02:23,96.76093713938084,2.0588858805417973,62.12869241764607,151.9155485551253,237.57788185489326,0.7167423144184315,21.091043926657946,71.89206904527592,0.024354996631098427,52.69082335060799
01-01-2025 02:24,130.91980910106093,1.7049031763562477,65.92813035236281,232.6858560972753,176.91361938092047,0.38630331692145203,31.851970605891623,33.61786288706633,0.038592584717488394,63.67859542858735
01-01-2025 02:25,156.3591096541042,1.9015396458780656,67.85395024717045,202.47356376614323,175.71923339930447,0.3254083429213115,23.266712026513527,74.05525742,0.039156827387291954,59.95936630320648
01-01-2025 02:26,176.90259467111377,1.839197816663388,50.29771463383507,227.52440518349493,174.40916178494422,0.7467435321258165,30.155567223230154,42.83308449479572,0.063353019,60.54525558738602
01-01-2025 02:27,110.60243310377007,1.6878243952973495,63.92285478360512,173.44256000115146,192.05438373048585,0.6749476959269867,32.04818185,59.64923739,0.043718094,70.07671155528617
01-01-2025 02:28,78.70920618480088,1.820520653374919,78.90497722662765,184.50837455132336,184.06648834242935,0.803861967,28.428154343622698,76.79970895008888,0.012868327693295566,69.69059336
01-01-2025 02:29,202.65501061040814,1.6409033856312962,65.57096840388647,153.0103872211319,227.99146267270146,0.4475700611569459,31.113248100829782,63.906125076832325,0.06333744,66.67407295663905
01-01-2025 02:30,122.15763831006394,1.6154871441696923,70.32626802376859,246.14923245741122,190.55207917234904,0.558377325,29.927904683225083,50.721490623351826,0.027450269658057927,76.09420869075643
01-01-2025 02:31,195.30955535565306,1.6810997734928939,59.35591573750649,216.78679067008136,190.7757838188569,0.5243773410643349,25.332946957280114,64.47671044527075,0.056440702941705403,64.91877943076797
01-01-2025 02:32,88.59067881855057,2.1778690669535044,73.21974134458287,243.32050877593062,153.83715947205565,0.9872715711732114,32.13287808550348,47.19898181581851,0.035188048006477436,47.34425468001538
01-01-2025 02:33,170.28502546370436,1.9297177215370103,73.18764445628345,176.54964074290723,238.2739540910386,0.4337991653915103,24.42052054828292,43.862920817459305,0.049710662863558165,59.10296477953197
01-01-2025 02:34,183.14735813789648,2.1794932966919323,65.63888142962416,211.14636112256608,164.99728908688297,0.43585379067741353,28.568193766272756,79.83416389673398,0.058346105,45.783921750061516
01-01-2025 02:35,62.95588420560673,1.8594987269980794,79.2804147,217.84999682926377,147.33640674596026,0.48363856706288594,31.180966087123092,67.53951155898939,0.004817104,63.274222141045165
01-01-2025 02:36,134.15106954848017,1.7870896798511557,53.76650644,181.75497002575884,206.3146248975209,0.6516752650322573,25.684338647187616,62.235998869090885,0.04681051,57.629559719055095
01-01-2025 02:37,83.60366923474356,1.9036851177041467,50.50842994668743,234.81092350156302,199.53663701568726,0.4018581954109962,24.541514114261375,47.76448216096594,0.027564495995192607,54.47677607704475
01-01-2025 02:38,65.84374261819194,1.8637070131797462,73.10474635271288,244.71614629002477,181.51456539927457,0.9322319523034193,26.89019015259234,32.45804145775241,0.014768061276762681,63.64383321207609
01-01-2025 02:39,297.4900580974863,1.6633988105570465,74.21466612094648,238.48551176960044,182.2192233880678,0.4125484518930108,32.26945242,31.55284380175778,0.097769026,69.19285821904514
01-01-2025 02:40,130.58846124368074,1.984495788814124,53.606216873617285,223.90669759393725,218.5063921046431,0.9166525852481557,33.94882644718497,57.70906277243994,0.045550083,52.624603395638275
01-01-2025 02:41,252.4686114636587,1.7296229095057598,57.96748498875818,177.7464679724954,159.57126400996492,0.28278005091726777,28.176251192898352,68.10163605195255,0.076428303,64.35909782695587
01-01-2025 02:42,113.66016369094096,1.9717527729386979,50.52657090099887,178.16160421056318,222.02533189448897,0.7252501619197218,29.92199307985478,56.86895952219275,0.023313529,54.576526521287185
01-01-2025 02:43,220.3756805559823,1.9901206554388922,58.79925832341694,246.3360320446038,204.8747113895018,0.9255884147505951,33.54910433358371,72.03925359695573,0.091881597,49.84457602274884
01-01-2025 02:44,240.05696497242164,1.6912149118771889,73.19425621756014,151.0284495935692,181.89697737795245,0.33499955071858367,21.478202771194137,31.671326654661083,0.074086356,69.15930287209935
01-01-2025 02:45,198.90968515196107,1.636809776266401,65.53881583137736,221.60499732421445,185.80286165838686,0.974661568,23.481178667992474,48.33760382129701,0.065667143,68.09909383713592
01-01-2025 02:46,167.8940471375396,2.068456951641064,60.44286779504864,220.62461625552623,165.66472071860957,0.5623066883324094,30.633500093773737,41.85351956,0.066352903,50.683571283990844
01-01-2025 02:47,152.9602285368171,1.8758802542615922,61.15217884718991,212.26895409497973,215.21143326969747,0.9565720867528196,32.356166928684495,52.363648407856104,0.086532228,60.31512593849905
01-01-2025 02:48,137.21706663574884,1.6348982773032856,50.04060877146404,249.01088460868658,191.28747423052678,0.7414560349040376,32.85543542495867,33.618819659706126,0.033522853,63.22381735933771
01-01-2025 02:49,282.38228606195645,2.1969197903018607,58.994015826957074,181.18794357637253,172.08545427498436,0.44126949589884124,26.22660765282399,77.70658207855362,0.099096338,42.896722670430805
01-01-2025 02:50,257.6548519469323,1.634668337,69.39376224913792,183.99718637932483,199.60501157609502,0.35064201993368516,21.34009853,41.162770053468044,0.079238853,65.62115906648717
01-01-2025 02:51,291.25672766662814,2.017021137315132,79.22583331449071,157.89394029465555,239.57344520513232,0.44298803698007955,26.566722159494297,76.11538877417924,0.092183101,55.06600328676532
01-01-2025 02:52,81.07430587138619,2.1902073551580483,75.41182480951699,194.27981365437375,183.52622796565538,0.27441392741014003,23.461018853105806,51.294657751834094,0.019957772256846473,51.13493544
01-01-2025 02:53,232.71686880091107,1.7435080625295556,50.707848939365874,176.10485262348482,232.06914007786196,0.3150943730746638,24.367946824949364,79.27620666,0.066703601,61.16007290974402
01-01-2025 02:54,284.58511420525946,1.6853496212123178,76.95681814024518,184.33867021776442,174.5016839924566,0.28372835227718496,31.584013352562586,57.70291917301054,0.0949231,66.29712898824675
01-01-2025 02:55,95.30826654141504,1.6728309636534575,73.49595239895878,233.45717902556277,145.4732706924986,0.5383548349932462,21.132906290388302,76.54164320879038,0.017183242420891684,67.81459444450336
01-01-2025 02:56,66.62406684169437,1.7819650885405574,73.41128370712941,243.54845135274957,160.42421063684287,0.8364627010060692,32.41371826221053,30.267449434711143,0.031787138,61.427929792822354
01-01-2025 02:57,235.28016232251477,1.6606274866063881,63.73987277010714,168.57330720051857,181.8695143327684,0.31310684337307215,26.415036287362536,67.41194030904501,0.079368884,65.07250288630358
01-01-2025 02:58,193.61827829497798,2.0152968050164795,61.94015878863509,187.2508931553466,161.9634928594569,0.3042563465378687,28.940958966508926,75.15253265512577,0.069086473,53.55379737759527
01-01-2025 02:59,260.4571942,1.6373750788780377,59.08747186499578,242.8630562115394,140.02270382182556,0.7147431596138647,21.344783468535184,36.986028348947706,0.082591274,64.97474456526558
01-01-2025 03:00,84.94309415657237,1.905653276889874,51.97084576863097,156.18084606892225,231.50015377475273,0.35774638557445304,25.060386175359195,34.806292586607576,0.024783897200334262,57.39330668853784
01-01-2025 03:01,248.81682796497256,2.1980181123117863,56.847060904810974,159.23605281113785,224.3879411230929,0.2780880304871933,21.345513785222685,51.22863035929778,0.086229276,44.30644710683007
01-01-2025 03:02,100.40683001193614,2.0883821617036116,57.39810904934074,166.27909892062294,214.2292231486947,0.33347886256446213,34.42315584321664,76.68394530664676,0.021995782,49.11552474961274
01-01-2025 03:03,90.91398571642613,1.9691316629386066,64.52231209130605,209.52128341268747,156.78145956460287,0.9389851167014209,32.10892473989376,57.11932800952194,0.026876280870869393,54.58244996550116
01-01-2025 03:04,91.06644948274823,1.7837521724719672,72.42333219790082,165.04722710059974,152.03635762099861,0.8571770022209526,26.894491315346905,56.372823186086606,0.021911125437936115,65.68027521778893
01-01-2025 03:05,253.64368005784553,1.9743375017749831,64.21429485,246.80763814507335,146.76047494723832,0.4832516498840753,23.354038224855067,37.056305914966096,0.076064945,56.43567867494238
01-01-2025 03:06,216.29930517405003,1.916224878346991,51.73533348341482,194.67145272585202,212.4029188772921,0.7246566138619144,34.00182657874778,30.03947555466094,0.051361885,55.36818026662767
01-01-2025 03:07,180.76635619227983,1.855650030334223,78.73369402964612,200.15179603501664,232.88079606878853,0.6298205389344305,25.168948935904577,70.50700453727306,0.073949995,63.6503158
01-01-2025 03:08,139.70762103087563,1.6784262260441198,78.28172957282337,174.66586158054065,183.0535820913037,0.7416994107860513,22.41476647531062,34.37872814931191,0.039936666,69.09511753295904
01-01-2025 03:09,269.3001352032771,2.131962529,73.55568629445224,197.09602524347335,151.9140671996048,0.7461369219702074,28.44746582680932,61.69249094,0.10184930584473331,51.51704210693734
01-01-2025 03:10,148.11127685565884,1.8698707892927937,79.73983704692662,216.19136326370113,191.23928207321066,0.7029872120479943,34.15661180517224,75.73082272575957,0.060305201,61.47738028672597
01-01-2025 03:11,254.14985986789426,1.7167735070924592,66.33446998400788,225.1177136954043,174.8831907,0.4128810948298469,20.057454357504838,40.43259565792155,0.072280206,65.60041695742801
01-01-2025 03:12,159.7837271425546,1.8206556105263738,78.88305050759618,225.3868082709913,177.48249243499976,0.23120513661025452,23.571872648809983,63.26364181184554,0.042643436,63.40109818
01-01-2025 03:13,144.2361073562269,1.8484778515173563,52.268151218502524,207.78911126940883,202.13306241557072,0.564453426,34.076714606156116,33.93492883537547,0.073924126,56.60007910436786
01-01-2025 03:14,165.6699464174016,2.0965227373401247,60.97042244784114,240.43597749938573,211.87181132622024,0.9127791077525631,22.56628950285743,60.18775719188065,0.073008691,47.95495140051966
01-01-2025 03:15,125.34446854103552,2.040168628336841,56.761438040202975,231.74078473061093,151.06035988731608,0.6555978068148607,21.698651774597298,38.19658604766013,0.041675212,51.680922682284724
01-01-2025 03:16,236.90234504406277,2.061582936184804,55.87499252,225.70481146986253,143.55902308064765,0.8659128333615265,28.552808236997066,66.79767803,0.081936017,52.332892883040394
01-01-2025 03:17,175.6800975231198,1.6066187586571885,54.22408846678028,155.56055216804606,239.43303026857149,0.9932994743689825,32.92765734942245,45.06156473969541,0.052544369,69.92227129040762
01-01-2025 03:18,108.05317378670432,1.849692398907857,68.67240925,150.68779622196493,163.2728348915552,0.330892963,27.156647265408893,53.169550440232314,0.04052134,58.23365522119082
01-01-2025 03:19,274.89364331864215,1.8888064909811944,73.43965567241915,171.24472771954729,145.3830524908459,0.7534221113135859,34.91846385026787,59.971527101381085,0.084917552,62.714077598049805
01-01-2025 03:20,145.97280534330287,1.6115153660938342,67.34895198261083,216.35235939134523,158.9875329,0.7394348589600197,30.187575493069893,38.56367053331198,0.028577352147022613,69.37285874953295
01-01-2025 03:21,185.88821527849714,1.7558879252470208,54.40888128764629,191.11974888825458,143.89578463484642,0.9839643578866228,21.111123608156717,67.08189093088104,0.049056994253186034,62.847725277939624
01-01-2025 03:22,276.61802774113676,2.056173893873281,74.33371309800413,190.24062592993118,179.18108946171716,0.9884805871622404,34.89248197522963,45.13201703184073,0.092877967,51.80735620057517
01-01-2025 03:23,206.05949897849803,1.6822658234373995,69.07864121491185,238.4586888229614,220.24017844513241,0.7493428893793037,26.118413551702858,63.11859299563768,0.05771926,67.80905513323441
01-01-2025 03:24,79.22451017709102,1.9211860788715551,61.644971183809865,239.55628481318388,174.12444497577206,0.3948918335857554,24.31103800768224,37.91415253496868,0.025867436260190148,57.10899744769358
01-01-2025 03:25,284.9580309033688,1.7291211232103425,70.22390886608189,240.91752640535856,184.41834068783666,0.8388446705044792,28.368187753668284,64.40588296031751,0.08471433,62.91072726096336
01-01-2025 03:26,206.92701326785448,1.6072724647863361,57.79714937728499,181.38780765150273,207.55867735674389,0.2856233073688305,24.564613877312965,36.40940364052309,0.06149701,69.48506561669194
01-01-2025 03:27,133.72640366427152,1.744720874559725,60.355766254826314,219.1055812739262,190.88940700698802,0.8245594433373029,21.296862606802286,51.26782481349918,0.053329998,65.97418828
01-01-2025 03:28,84.81801816584681,2.1855242529460326,77.52457529395971,177.16331812743695,226.14456860213244,0.9281568993157572,20.02142514618765,42.36030368694384,0.030888842,48.73464904958739
01-01-2025 03:29,248.5062973,2.080922267129794,58.71513517014261,169.06098330744499,226.60356750457566,0.5062667158147482,26.743750293803934,67.41876247140914,0.083152965,52.22647261049279
01-01-2025 03:30,205.01818898212838,2.175745987,64.09964804,168.46324573473692,140.99106954911537,0.7045082359864645,32.55295133339888,43.10175022534373,0.077470733,46.41070316
01-01-2025 03:31,183.36527299408039,1.8927124263558177,76.70423412188043,184.2107620863594,217.80463064831991,0.5441141856774611,28.584727784451147,74.08586531976981,0.066233452,62.33151883223661
01-01-2025 03:32,273.4731457627394,1.6658417192065023,71.23164050802582,192.99576197798217,186.07336002416739,0.5502120439905027,34.988109484151614,74.59101057033064,0.10607913674303138,64.17551940144287
01-01-2025 03:33,247.14930280613268,1.928775693384216,51.866096784941085,233.09491710550685,238.8840541303663,0.44829671128649606,24.30269968,39.82206576113929,0.078196424,59.059747180246504
01-01-2025 03:34,87.91871993318779,1.8726264007359767,54.41909132836911,161.9891093472712,188.32320758754352,0.8097036963602597,24.206825971400832,60.69229725038622,0.025156421392342823,59.96967872672067
01-01-2025 03:35,127.93051694888706,2.1066142496437696,50.23524772315751,223.49258473948942,238.68959453882974,0.9489412513332043,22.396241903509164,34.38588208599822,0.029845631,46.21322855037336
01-01-2025 03:36,112.12228495361643,1.6588495484705468,68.92765371,203.14549141893053,215.45693612057366,0.952600687,22.460953823980027,49.576854980081464,0.033271158,64.48737074926548
01-01-2025 03:37,235.98657314316924,1.892944682213067,63.43020276231255,178.79453426759926,164.86048846133065,0.33982502789994706,24.277798940150717,65.66608647506362,0.088703201,58.54431000055081
01-01-2025 03:38,58.38310868394485,1.6900291988163907,54.028245527068265,199.28195845328247,193.83949792869578,0.8997949197252528,31.892600679102905,62.971162342495816,0.032558215,61.31663005861051
01-01-2025 03:39,192.47242121782912,1.7948055561340361,78.73802363170311,179.99420697770228,239.2135639478583,0.7899451531416977,33.58635185954672,61.23503347033039,0.074081313,65.84508955609415
01-01-2025 03:40,240.61467143517262,2.042414246,65.88979172,209.6081955238306,225.75306077519235,0.40226992055223143,34.62630754561522,44.12704318312218,0.062663996,53.30451992469509
01-01-2025 03:41,269.19140919043735,1.8856108776212601,57.256798823386674,193.38439228552443,149.7366893791221,0.25382769033721164,23.48434481144679,48.90124747,0.10101057420540385,55.14411832182288
01-01-2025 03:42,135.52043717897686,1.8255329710874617,65.01810713464123,166.44055290788788,210.6371996809996,0.4143978135075024,33.21946318421138,35.14730723501431,0.027014160222236544,63.22423663065854
01-01-2025 03:43,255.31432616800322,1.8366857671420214,70.38860998205323,161.65830745556968,174.55795858708132,0.9297665894252205,24.923826339160055,65.95114102168006,0.094511473,63.22144071634214
01-01-2025 03:44,77.65793424,1.875668061043592,52.28717653920693,204.66956820721302,140.69822618803482,0.7065429399166179,21.692608167753267,55.19443983956367,0.022337563,58.382359540674834
01-01-2025 03:45,261.61307293362955,2.071009926302234,58.24111445143676,240.24130332861034,180.34809690269995,0.7768437287182974,33.05037388280248,65.43828161728273,0.094665713,49.82554124553578
01-01-2025 03:46,81.87216558,2.1352508133641406,74.20896472651981,184.39576865576856,163.47544217249714,0.4057218808872767,29.54158451965428,42.44717623984364,0.014102691991357871,47.60071227691093
01-01-2025 03:47,149.32182264009182,2.1732008119023574,63.78994611207984,223.3000107222623,221.88692705204716,0.7755105244598564,22.470963441215925,46.22191143175331,0.061734487,48.78570129074395
01-01-2025 03:48,249.32384144488842,2.0721420317531773,66.39731426096884,215.86613549397669,173.73306088457656,0.22249720502233902,26.44746886269504,46.71076686300573,0.068873739,50.85303878379509
01-01-2025 03:49,87.47935683719345,1.7892441374488077,62.98448006628408,243.1554914309481,222.75236939538172,0.5002570766184111,24.308865423156014,31.28712048736081,0.022621035431928033,59.24757022891917
01-01-2025 03:50,107.31284880816037,2.0128808236519253,51.316998279290154,232.0981017299141,140.05979388347953,0.701402679,31.051918530652955,47.05239364153118,0.025968858073043367,53.45224544172967
01-01-2025 03:51,230.56314209826658,1.8625618744332353,54.972493394604676,206.6605258905463,170.78191500261192,0.3168772524330562,26.80124345936402,70.16522867590167,0.059695804,61.69083874259655
01-01-2025 03:52,230.00913413651858,1.7528023732276308,63.36624916225673,215.70304982341074,164.1165214307762,0.8584028595575479,34.83919917659577,74.86492478748693,0.077998336,63.47865864538772
01-01-2025 03:53,210.28690822132432,2.104522947655554,56.27556396223783,239.8386466584035,163.3567361068611,0.38802503904953495,20.821174733893926,55.910915781796376,0.088507005,52.3924372
01-01-2025 03:54,223.4871111,1.623055809377395,51.49937085979036,189.95187845869347,146.81866197654628,0.72182489,25.325228992043698,52.77508476096101,0.10153723444731971,66.56027125408497
01-01-2025 03:55,185.68111083689905,2.1410571952812543,75.30948992155471,182.67947058577772,158.71242704105018,0.5241577140602638,27.22850250664966,31.541230934968514,0.06317473,49.658698364728075
01-01-2025 03:56,112.94976472673818,1.8768864787748405,79.43577587492348,151.08110836351963,195.554957,0.6768348763821177,27.547003321224796,73.96021687926913,0.049004983934132516,60.55077911562013
01-01-2025 03:57,136.42399837597986,1.9823208860849684,73.79428621990218,232.65510741914642,169.13610728377444,0.28596044210312654,24.739037335784552,30.650510671293635,0.048022985835238625,59.74018661656719
01-01-2025 03:58,95.39942920035642,1.9956123533234698,75.61354765114001,230.0980700403365,181.7394782329148,0.21353023993728587,30.93860373646352,77.23750401051059,0.036947641,54.73792763451367
01-01-2025 03:59,277.11264033340706,2.137070644423922,57.25931390951136,160.44545181001513,177.68668803471886,0.927651542,33.121206102334625,54.46081243440453,0.089411248,48.439575624895376
01-01-2025 04:00,195.84794869153012,1.9820018093003244,78.81880927,207.68573811327002,227.59049249998947,0.41570400701374627,34.080789529667946,47.09672467873633,0.067559832,56.36536181094781
01-01-2025 04:01,150.21285419090998,1.968360150856037,55.90777113360285,196.39816981668872,230.52989990105155,0.8557416022243673,32.07640065199289,76.21092174,0.055696093,52.52653466733037
01-01-2025 04:02,165.50145091103317,1.639991224336414,78.54289431085496,161.87090955091114,189.2956972,0.9994802403777603,32.75870295959899,31.219549655504835,0.049658388766432804,73.16942927665356
01-01-2025 04:03,286.82083490295383,1.9110448131671225,79.84457881897853,248.05682270607235,173.01559503156045,0.36914500639912895,28.258179509299932,59.07124474345436,0.095310037,59.76704954453211
01-01-2025 04:04,88.33785077902004,1.690101400490225,71.35168417238145,171.46958874633555,150.68007040023636,0.4121365929466845,32.38832339640222,57.44662622496688,0.029008878820996835,66.85669005602671
01-01-2025 04:05,196.5574580041993,2.0424602612328915,79.43431195375466,156.7234180090561,235.34028793820949,0.7302878301077327,24.552558637219285,40.96602006056911,0.074110782,57.45406133578489
01-01-2025 04:06,176.4721697211165,1.9073331524876047,67.08619338701311,209.48473795019095,146.02269449002975,0.972358908,25.977181431638215,51.44437156751053,0.048457855140297226,61.31870716434168
01-01-2025 04:07,202.86355885866195,2.008136667525012,57.78625349528271,223.88666771330327,169.76502775682803,0.9326514785525952,24.753695207278163,62.61320029718851,0.06744387,53.521163604624526
01-01-2025 04:08,54.52754595521013,1.6250037403614306,63.10987656996863,153.2443446047187,169.80662011700042,0.6023004160524679,27.010810031718883,66.35655984409638,0.037386782585522374,67.31228614828862
01-01-2025 04:09,268.03097723603787,1.6508752096274821,67.80682806136357,215.87176387270222,172.04012861402148,0.8360882260213798,24.283694243579546,30.03584293532899,0.10143097889993206,67.50514022857827
01-01-2025 04:10,283.0295706209031,2.0297940328376094,52.19244686081045,203.22918759514545,156.42868432724092,0.3085966824799209,34.42417163,76.84267150455076,0.10830669664688958,50.40655858613779
01-01-2025 04:11,191.28329589730222,1.643250601599204,68.67029793851738,160.32650088750484,218.3161430923697,0.981950547,24.69266942008502,38.22626861964062,0.064324223,69.64589564758663
01-01-2025 04:12,224.16270596922305,1.6427540366591553,79.43533510286883,167.2523876946362,152.24978619659893,0.9714825872287893,21.470668071664097,41.67902171111796,0.078304482,69.20117373392802
01-01-2025 04:13,280.6248452943239,1.6072650851409325,55.70322949351183,206.79742973160805,203.49066591531627,0.3309831663033368,27.90225749,43.173672284692415,0.10403168484062777,69.29611837222478
01-01-2025 04:14,226.80965857834966,2.173900838979688,73.77785349,179.63576135132882,152.38460267058176,0.43953849984248533,20.856486176677645,31.891006827601764,0.091583791,48.97056379782198
01-01-2025 04:15,88.13476072856534,2.0425050156754043,77.23696381338858,243.8315728651316,147.05356375929566,0.28012399800541354,21.658147494628707,36.15260617951625,0.010009115715240522,51.315775498385285
01-01-2025 04:16,194.0720900417033,1.8119508451012387,78.31104778460663,231.87402294840507,230.94295036858765,0.4173740791185438,23.290840837943694,79.31749615,0.051859737,62.32632278795032
01-01-2025 04:17,201.67876159571398,1.7779213487725933,78.80406813216342,248.3567206513663,159.01287663187057,0.8527646315321653,26.965253748232126,45.76083687,0.080656826,64.63570232822562
01-01-2025 04:18,156.0326678255965,1.8098219378475098,65.64378916164415,175.9670838950414,222.1250154559704,0.5026524857322077,26.498763984635417,35.76505451695247,0.04950205,61.590164940746334
01-01-2025 04:19,234.11105890618072,2.0647921187087093,79.31923724,246.97236327979772,194.4630871107136,0.27071757371740673,31.99537793004187,35.349563058731164,0.071709997,58.05072029060864
01-01-2025 04:20,283.59175369225375,1.9968223666422489,72.71930621403317,193.12338697915578,147.78565196087695,0.4737804198231237,31.09211981,65.97299838349859,0.082461628,56.14730918939593
01-01-2025 04:21,281.39212822669407,1.711117340720481,54.850143087108854,184.75187953137547,235.54481914380676,0.9851066673930242,26.39477440986052,72.72843320163204,0.088716196,61.84379120880528
01-01-2025 04:22,162.70984285103305,1.7044656012004507,64.30700319,155.03495269693533,164.69611669918925,0.7037468762073624,25.005563113634448,42.84761498,0.040484105,66.12403819940413
01-01-2025 04:23,78.30951146018882,1.6590373898280384,71.54993526116012,155.27652578596027,225.96453453526067,0.5329287571249262,24.74703176092248,31.04547561676175,0.047144629,68.24431596420273
01-01-2025 04:24,296.21029974058365,1.996181631820803,57.42020947,219.20112559466548,156.88100057845642,0.333230811,31.609926309410135,41.154500922267786,0.09900609,53.28629310114946
01-01-2025 04:25,259.7245216114835,2.0586235973330416,69.21845550646663,195.7928994434028,225.39428821418528,0.9889414378269559,20.781086093319047,32.82578453983787,0.086428209,53.65988258
01-01-2025 04:26,81.16567030081671,1.7590278569950026,69.99801437139857,172.65216260361058,141.3228812905294,0.856679207,20.19232474265909,35.169746831502074,0.033071266,67.05694988892749
01-01-2025 04:27,280.2104706543431,1.6125669766185478,54.88099231425698,211.39703063252327,191.17804565694806,0.42518184196073555,31.93316587889972,51.575405992382116,0.10349395936187064,67.42494640676944
01-01-2025 04:28,267.4740905155321,1.6493030004858564,66.95255937358269,175.2858118250111,216.94425794215567,0.2560549565769516,27.15719563983574,41.49591854308163,0.099062702,71.69631291048195
01-01-2025 04:29,179.70951428151804,2.1807160209070187,73.14880732935823,207.76317543444225,233.47955174927833,0.24530044590204644,21.96321707830364,55.797293926271166,0.070938907,50.21716595466328
01-01-2025 04:30,197.81885893623232,1.7772668664864524,64.96686993607825,185.92087469826902,230.92021362064872,0.2963025196044271,23.533489018917518,42.67468766285952,0.059960862,61.48782023813318
01-01-2025 04:31,149.75067596753257,2.0615338887028805,50.363093503283224,232.3552226611819,221.96248695476447,0.6646148668915373,33.98755929646074,77.02686505514738,0.047187808399554804,53.03097448403836
01-01-2025 04:32,63.69040970550783,1.9747981413125584,50.27115407237876,232.06961607667793,228.8191349661304,0.9430107369643939,32.89254463437347,75.29719839631323,0.029026604,52.716294188513615
01-01-2025 04:33,133.79931041147523,1.8291637837917376,60.71088031910037,197.73503981224013,159.92196858370764,0.5973947424047876,30.646775753359588,58.34030525,0.039548878,58.30537570420611
01-01-2025 04:34,250.71336214950287,1.7234123573173332,77.78582205295346,185.08191093350155,168.41842957117288,0.8743563859649577,27.23337846,47.72119959936931,0.08393791,70.92649622
01-01-2025 04:35,51.15800575115072,1.672831850895644,56.860303388108264,186.25597965590947,168.89685249210584,0.5567092958878463,27.804854392870787,49.057344101736774,0.021125569570883636,69.61434181219279
01-01-2025 04:36,133.37479292278604,1.9690077808233202,69.03091066615062,230.5714525668218,177.70539310016989,0.7668668366142601,34.62866802925938,50.592614157224844,0.052532406452237085,55.97982037285819
01-01-2025 04:37,149.54217339773584,2.064780268382673,56.66227612079962,182.8179482797612,179.33206703851886,0.7854981898292006,34.486556658264305,66.37896611,0.032319818,48.73394396810182
01-01-2025 04:38,184.3489007344807,1.9863425521246785,59.65009968978646,170.9059373706846,194.45553246546754,0.33917096472267094,23.229035686787515,52.581949775941894,0.068904338,53.13156793806283
01-01-2025 04:39,279.9639041031901,1.918181279949495,75.44126268804452,158.4688341875307,155.98797633664412,0.48897284718064943,32.16656849457977,72.83649732529487,0.091450667,60.79046479
01-01-2025 04:40,136.5864985914903,1.6251707340589818,71.86584327,196.66931208844085,209.12466637859893,0.7098417252304192,22.95863999250525,77.20473929651823,0.052831054136793065,72.92205260132144
01-01-2025 04:41,136.73830047405693,2.1810932665566307,52.86197831939632,198.21320989198418,156.75665393045065,0.256557287,23.203062168259272,46.797307668946694,0.053576647582357355,45.46963966334119
01-01-2025 04:42,234.3753120274371,2.079228514992745,62.86106062959301,234.09087104029072,171.03084821045476,0.4892321502103653,30.14139551246865,58.03472407,0.09459488,50.606517943152355
01-01-2025 04:43,163.05448522245177,1.775693222020579,50.87509290935793,172.1238696446064,190.3345130606154,0.627839573,26.075016478813225,34.75282684162822,0.068157789,63.14331324165728
01-01-2025 04:44,106.1512057349955,2.1879821976153107,64.42670439809027,188.09912736683998,219.64405615234773,0.9969795944357109,33.97316611,40.02345238831795,0.049026370547326455,45.740380028902585
01-01-2025 04:45,163.10987903317334,1.9611289537817935,69.87302035103204,230.8405738893691,213.94692332387274,0.5796268500979527,21.33514602344013,50.673288335508005,0.069078513,58.59128459566848
01-01-2025 04:46,85.21425509494996,1.949453594924348,53.555078707944546,232.36236107489736,204.55343564105223,0.852845406,27.672884612142397,40.31013579508894,0.031460565,53.156746347912424
01-01-2025 04:47,94.09674662655583,2.0488439076577194,58.66654816727497,188.46110759787683,155.5773261,0.5456538280532942,33.777822956646816,73.82802453943589,0.031844261,51.64159924
01-01-2025 04:48,174.59194318486993,2.0870618728540826,61.93509876506471,195.9124023286681,194.70453456155778,0.8371125780957671,33.56170490719258,37.9143128,0.067216472,49.67741970926873
01-01-2025 04:49,154.73136237613699,1.9938871643989018,77.58593073968149,180.3285890849283,148.74465017998855,0.6763318412960868,22.34793820123612,52.78304108,0.059155816,56.64999520667461
01-01-2025 04:50,278.7114753,1.676857448,79.79765046268892,243.2554878419312,177.7363176796651,0.9092763532019188,25.499565501446845,60.28496202299378,0.090277682,69.13045914482457
01-01-2025 04:51,140.59847477915827,1.8029605035966991,51.347338969868474,161.86437657415803,181.3516530289959,0.528754042,29.286821000700442,64.59319540804222,0.051148723139100696,61.84075571246712
01-01-2025 04:52,195.14708756951086,2.156850184,72.83023770486176,243.37494230014698,143.9811439445754,0.6834435358571831,22.390923271571033,49.15346848632534,0.06502331,47.82618809693009
01-01-2025 04:53,208.0660719798826,1.7347693671063114,61.15172199207029,218.3866451835343,167.39880994699718,0.7040149444950619,34.52033258068608,73.45495343623642,0.061162805,62.35910521
01-01-2025 04:54,53.27361414708341,1.823300214302508,61.77374559,203.15721526867313,235.56494672664894,0.5339063534403787,33.721239930914905,58.41595755389628,0.030751268,64.66472767696678
01-01-2025 04:55,215.88434300417765,1.8592461297665177,72.62794920041068,153.26590607844958,235.36326078296895,0.31544963494998524,22.504252685517038,51.97538902237759,0.072873247,63.111439778730094
01-01-2025 04:56,94.50899171743785,1.8636429938166714,77.55279296436225,197.55961918220083,175.23270542525393,0.27484752552986846,21.817331918914782,33.36203170260183,0.052147594802330194,57.19461144281952
01-01-2025 04:57,290.2675793673638,1.9677637494967155,78.52785783507645,190.77481050027322,144.3100108948324,0.21333724047970648,21.28112724212398,53.23447342225825,0.080984716,56.86450410872587
01-01-2025 04:58,87.16568193827824,2.1658455026468246,67.31367758114962,166.12188119751227,157.90949393281815,0.8988274113961718,33.64165496054947,71.03679204078651,0.023632715720889548,44.204936735232835
01-01-2025 04:59,153.65603093175594,1.744415627099503,60.71363477901508,215.6409603500657,179.2217793,0.38917992979095567,22.90435714693191,60.727050911065774,0.051801158729046955,61.464720484992384
01-01-2025 05:00,71.33741701966096,1.6729008257805509,73.62647257576337,247.11509073682856,234.77796979692297,0.36920539942541447,26.24427392816532,71.60812268645591,0.035271845677875564,62.53223215146256
01-01-2025 05:01,299.21856296148684,1.7184822939159625,57.53004149786901,206.2188811064525,154.11990635371848,0.7888283203408524,26.732770484780044,54.700583529965286,0.10423291231811994,63.49273738754742
01-01-2025 05:02,175.54875258281066,2.1321549401255617,66.92222086500553,221.47532764439458,216.3515843668212,0.45601289046991345,28.985165663203514,35.92308525472409,0.06191356,46.81436292965602
01-01-2025 05:03,198.84625433001094,1.9874864875931237,60.757353845746195,156.84504525660168,150.8682539374692,0.6048357539294693,21.076030156211374,30.681992291794053,0.055340857275012194,53.771821779017166
01-01-2025 05:04,66.76911934710687,1.7715440735434962,69.69893221123628,191.76669958169947,238.12575773912766,0.33000885223796506,23.40137926100774,45.16097733592956,0.010798241008986086,60.82778098274236
01-01-2025 05:05,237.49011759979444,2.0895681633811707,57.211967386805206,161.63584851644958,178.1616499109135,0.9677965771695753,33.97235580378389,64.89952357488963,0.082784236,49.02549065
01-01-2025 05:06,102.47639827389645,2.116821997818062,55.747788372044774,211.27958355365104,217.5234538899056,0.88126512,33.62615160902854,69.51299519708469,0.020688533483571726,46.646845205445835
01-01-2025 05:07,274.51357236017844,2.1079086032141667,77.54717260026311,243.84821582141547,174.25910828111319,0.8910316983720026,31.71935971108538,44.78764173101647,0.086643269,55.196996321863146
01-01-2025 05:08,101.28491012050179,2.151355920183733,53.05411048848611,216.17777324716386,202.76688771588087,0.5254189988576041,20.291018684273233,54.78269604416236,0.038939618,48.37929901383916
01-01-2025 05:09,97.67193016591665,1.751344612104017,65.17873723204795,157.68030483144216,159.20160847400368,0.8098889709657382,24.90510152744153,51.05594522170408,0.022896853882814323,65.55265416826947
01-01-2025 05:10,59.13741696202372,2.053025157247767,56.62558348889027,185.4666204985083,154.60210192969626,0.3151009243118241,29.41938103014362,50.52613922,0.035864594305896016,49.55088284654495
01-01-2025 05:11,168.01673627749983,1.8763236983644842,51.16789889977002,205.06633794408515,233.80641395681312,0.20689520207342424,24.127853176602137,41.567435660007526,0.06852497,60.15139263589523
01-01-2025 05:12,191.2102833156541,2.105199131734037,51.08056454874279,190.32077561332522,231.76472779044335,0.2159783460624225,33.64380042580666,36.818555251472915,0.048341245,43.90207708470745
01-01-2025 05:13,66.42715986,2.0370944062969683,55.25665316317482,233.36440104751722,228.74689402128826,0.6692813899236484,29.508341927486626,39.83442791156065,0.012929386120304644,47.76043712162892
01-01-2025 05:14,243.88190417375264,2.065868467899835,76.00311063518001,231.4671004709989,202.54334501665934,0.5643159241983526,21.078600759746685,32.766619358167304,0.058842665453257635,53.39831721126448
01-01-2025 05:15,163.3222086870069,1.993697102608643,58.47436232,211.18310201032216,220.82682112162783,0.6144122791268158,33.63508383253554,39.90653709117885,0.046887026284665984,57.455064577358684
01-01-2025 05:16,181.09756733189502,1.7064572616818243,78.51377511725887,187.34579451327053,146.9036936911375,0.20597051233377553,34.36649987264334,30.460044881268974,0.06833157,68.03978674243862
01-01-2025 05:17,160.19068673455703,1.9270161513381632,67.44866879,175.5336373763244,173.47890418906792,0.5381492957259406,21.16568627587588,61.362920031798915,0.049524931,57.04259721799008
01-01-2025 05:18,150.1907652188315,2.190801843714705,63.09842569306298,160.58743182131292,171.37031247571562,0.7744545289606888,27.985403522919725,45.81877036938414,0.054921879,43.103790677800774
01-01-2025 05:19,189.91008282705448,2.1624328398982717,67.40266504008363,185.4897683486554,203.56453219526134,0.5541549615739487,24.55046423321256,78.65723557134544,0.048396535,49.87507858262662
01-01-2025 05:20,88.81006148267812,1.625904241478207,65.50095155678804,191.31725172077194,175.59577734706406,0.7857753650497779,25.892586147221035,39.68585253881489,0.037731123142516226,70.97037316088804
01-01-2025 05:21,95.48203262381779,1.6988888894376624,72.76328761271975,217.58229251040734,154.85067816436808,0.38641517151746785,22.69476826933013,47.291428515479694,0.026435389,69.17525234783729
01-01-2025 05:22,265.44640525337934,1.6790372640727373,58.47488197918557,215.81598242975736,199.64670754135437,0.8505136035853804,28.671081530186186,47.89205793207666,0.089046243,64.27504449
01-01-2025 05:23,286.5288655334082,2.0355879459911774,60.59151174800907,157.0108139641257,221.43839206690814,0.6707449923627619,34.36969029873336,30.422574803123027,0.095058425,50.28137097320871
01-01-2025 05:24,143.32732906993823,2.0906711979141672,76.82282907599752,189.52593154311577,178.21234944599732,0.36861048,27.546089004074137,71.96039765197295,0.03529917,50.151473397822876
01-01-2025 05:25,117.68616828588844,1.7281068197864033,78.39369539451216,168.1778867217362,153.22687150984817,0.38937638068306635,21.24371872091722,31.599723007216237,0.027894023,67.72221129096818
01-01-2025 05:26,210.99988580975395,1.9035116157710976,76.77674682459423,165.68127053168058,159.6688197312823,0.7024243716556298,29.300020002161126,77.00899173646206,0.080362906,58.05407007551794
01-01-2025 05:27,152.18354277452408,2.1044218168067204,62.583439818719405,232.73021497372457,163.7483305169384,0.8639516745699547,25.103344916768854,74.60371755468103,0.054971408,46.984982280976496
01-01-2025 05:28,56.346588915086215,2.0396809268597504,73.41096509020645,154.19152167162576,169.98975929945362,0.5325022256233242,32.83887784386947,56.77609580429818,0.029376597702088152,53.24757450982992
01-01-2025 05:29,89.03814934154758,1.925342323295109,64.29007199903296,191.91828759021212,204.2795070506309,0.40664034330207377,26.520172224747053,57.179778745564604,0.033074362384443626,55.86600912
01-01-2025 05:30,228.9930572118494,1.954208614275264,64.92619556438306,166.82036557665182,200.0945484537719,0.8936092855284803,22.892594134133684,62.68889614780782,0.078142581,54.74093748422215
01-01-2025 05:31,214.73098547753784,1.905016328149768,56.14040327171852,237.9330215678474,209.60798615670393,0.7354146334006679,22.866584340367176,49.35250059674435,0.054674774,56.96031672203351
01-01-2025 05:32,56.773998125870875,1.7785290707912924,67.73390909775549,205.70405132750352,176.2501984531513,0.5584683898264613,31.531462710817408,62.36111416989277,0.016315622404555044,63.563714592199965
01-01-2025 05:33,105.49304048323737,1.9390131957154098,55.58407693260044,173.1380636376848,222.39976518799784,0.5903201562234415,23.98381397,32.238419434424344,0.035066325357847074,53.979975496881465
01-01-2025 05:34,107.76869914701786,2.0133311812300545,59.94694097201581,200.24272871663766,160.40876611557604,0.3634051743491171,31.508500912388342,32.702381367486325,0.055633586196976725,52.82216680182395
01-01-2025 05:35,217.9731858996821,2.123993749516485,75.65090604859805,223.1486359703116,186.9040747518154,0.7014421040518752,23.08830966149899,52.86152098097722,0.079890584,49.18737714685095
01-01-2025 05:36,54.92763443859104,1.981774812387549,56.21227427632566,245.8118008919434,220.0938722,0.48699400843431095,24.82529553051964,57.48111505530174,0.033761369,53.18201960758253
01-01-2025 05:37,76.02714549614346,2.056672922225895,52.13474855520298,172.0446004245419,158.0158647732619,0.9965161413394794,26.98230458659549,74.39088201679095,0.031444471,49.46123780769407
01-01-2025 05:38,249.97902134329735,1.696042980972744,52.07022777838449,238.6181772129345,150.9863113740783,0.5841468122095104,34.14793774540176,35.233031695394814,0.07662994,60.56623259805218
01-01-2025 05:39,94.63616551,1.876934484651874,78.22353561509324,243.43041141674902,228.36839676879896,0.5887084849516906,33.97597137130737,71.13239635969447,0.032874357608548954,63.55871524568441
01-01-2025 05:40,213.18652696296868,1.605598971896256,65.20761313885504,241.64205445320664,174.29296627591958,0.6526814299285375,23.103078131334318,40.50236686460348,0.073779723,68.05469634146678
01-01-2025 05:41,109.54569526168163,1.7480073187129739,62.28236215451055,213.5414357,208.3870124909032,0.9334048024949975,25.373285618646094,49.70418242550159,0.027306252214956528,63.71679928079603
01-01-2025 05:42,74.86034818983629,2.035877029067803,74.32635743023755,212.98206544347076,142.53486042639383,0.8406544798878002,22.240990826806584,45.83012174137065,0.021234342877665943,56.75901380440594
01-01-2025 05:43,110.79304774986352,2.195085970809618,75.07477783731548,190.32106331838227,209.00468884094497,0.5609040558382732,27.649776189702457,50.00776364326995,0.035058001,50.06287025050611
01-01-2025 05:44,230.5667329639148,1.6595068597523297,59.96573099346814,225.2397882303788,171.61013115469706,0.7749594127782369,26.908738260419998,37.52477490362928,0.093296054,66.68153858573811
01-01-2025 05:45,263.9241170265714,1.840896589516773,70.80854172421385,203.12940183509318,145.57408535874418,0.6689883990246093,33.51140243676099,55.178503720177744,0.067607174,60.80084675840772
01-01-2025 05:46,257.5549661417479,2.080042581219496,73.13368448,217.74380712282945,200.9812761548117,0.5938936389609992,33.950080666866086,70.08212949156837,0.098339098,54.32005746348263
01-01-2025 05:47,149.2958824046137,1.7224213807773394,69.63952060597863,192.84579038487954,164.08038160731732,0.35385261822748043,25.753510865109384,52.07670051894485,0.040646168,67.38043885
01-01-2025 05:48,217.02128414266153,1.9330509695813718,54.54785224400298,223.1496464043139,178.6807242,0.5711490107639128,27.37606914528484,54.53067879490995,0.058981338,53.350801625457464
01-01-2025 05:49,101.24607385395524,2.039842777617805,76.27649250551171,232.44715176045491,148.05808122865136,0.39665486961805974,33.443543737191995,72.43837926,0.045716856,53.07180010238677
01-01-2025 05:50,123.28693256525331,1.9695912701561076,66.17283658208027,164.6436256602816,154.71632510949453,0.9318737198813238,32.100617116175926,65.30290573190155,0.048620103,51.306206146779765
01-01-2025 05:51,274.08395463027995,1.7128148407692498,58.47417279110011,233.2929715574228,169.79772354958436,0.46832545079707755,20.05484467016974,54.522720425989235,0.10436331182495569,64.49030461081722
01-01-2025 05:52,53.25048087768401,1.8132307412114437,62.75684556313082,204.02965317903073,148.9759500560157,0.9618112116266979,24.800893462753738,42.884782409458985,0.025845931,60.85674397413162
01-01-2025 05:53,71.37713271361702,2.0702750706912383,51.12713271196722,234.46659090902244,231.08262646863153,0.626444232,26.326613629041887,74.24633734224832,0.044509789,50.68680646
01-01-2025 05:54,101.97156378650683,1.9325359084792102,53.83600403667253,193.13017063410146,140.60470431839784,0.7052355029409283,23.445744255248474,58.85102008452792,0.039747712,55.183874655126836
01-01-2025 05:55,56.63305096845493,1.6031377681257477,72.96640251547582,187.9040485383035,188.38602188643114,0.6343523555914623,22.99357423843908,41.05738050553467,0.017407298,74.13622816641065
01-01-2025 05:56,95.35885877244934,2.0565944560168563,50.000349042660986,241.50607325172223,152.32474581325513,0.30350449357336073,20.566767598935193,43.45598763190052,0.035374481,47.341563112025604
01-01-2025 05:57,195.76039024242306,1.6211868129641436,62.49697485446877,175.11692675484014,170.76790894779487,0.5006569752063528,29.650545876046408,70.15665445,0.078014422,70.92822311426326
01-01-2025 05:58,155.3561376481245,2.0474402696387393,65.67530543256765,234.42123252861433,232.60595598182655,0.2793168898220992,23.937654357247485,32.207278104372776,0.044250552859520544,51.179617542754656
01-01-2025 05:59,273.1679277692437,1.7214883360991426,51.63903260002917,198.4020572509404,156.16945532739868,0.6983632353467054,20.785207676469696,79.60460935144101,0.08499237,64.02346519962468
01-01-2025 06:00,254.3608904346102,2.1748440880716284,79.19234488916999,201.40954425512598,236.58323197183324,0.5574993561603512,23.464689657920953,36.51758398573959,0.082121298,46.92718866990747
01-01-2025 06:01,135.45433792446897,1.8207644507812508,56.78375993749016,180.8468281489484,160.57943769894217,0.8223879772567495,32.02870929,69.80342626984687,0.024331375,59.99644455498038
01-01-2025 06:02,114.85585835782312,1.7961589698028475,59.125961589088426,207.30422006190156,214.15661084668295,0.37637638479949587,32.772337724698204,49.73876583858414,0.039857497,57.009457642811974
01-01-2025 06:03,144.92310204181672,1.689332830199467,59.118275367650824,182.52111962762115,194.66772648973117,0.33165284674346796,27.24599367789954,54.61080916437334,0.029687952,64.71606689366799
01-01-2025 06:04,197.57373562870194,1.783362529294129,56.912499863520495,153.92694142416522,228.44787275967593,0.5250657847710143,26.241060056130294,74.03252887,0.066717795,61.92870678869476
01-01-2025 06:05,117.01591020571907,2.1259904570969206,50.04421466258934,177.1998605344356,195.3993255503131,0.941268307,34.667805402526724,50.64555947946066,0.047853227480268386,44.92728754617885
01-01-2025 06:06,206.0372269622835,2.197800602576349,71.88034382263989,150.63790434065908,193.45592191563088,0.7683374520099295,23.008469893821047,56.874687683661726,0.064253706,45.36316940396209
01-01-2025 06:07,152.3529130478101,1.8209857183041092,79.00536499397856,247.83547870568566,159.54580003683998,0.5351388998343349,23.23038924281913,32.46498312,0.067809385,65.65388120522321
01-01-2025 06:08,188.01179521299505,1.8691663785727257,56.728804498551355,246.57472098197474,156.62293620516587,0.6138177358034484,24.378007655545996,30.117373693372656,0.048378942,57.37218018
01-01-2025 06:09,159.03163228382917,2.033242562921642,69.89141575410267,189.51552974723052,231.64891511155142,0.2673704089416787,22.591359774216308,42.23999365008629,0.065188204,52.66943933989351
01-01-2025 06:10,123.61643988547942,2.131717468279045,72.25688980876146,222.8370854339646,172.78381988500342,0.9876607171008904,25.690483973062797,64.02915464593836,0.048162878,50.26647107289905
01-01-2025 06:11,287.11332674053915,1.9558266005120706,75.45276137271574,184.5806098410425,177.2082254962896,0.7331258437559351,33.66251340484631,36.06324466795684,0.079022632,63.130826537951506
01-01-2025 06:12,240.90144853994022,1.8349154189066978,62.67887591040827,217.1093157085976,215.98236584283885,0.428323255,29.230217609428614,35.68809794022747,0.1078099282512853,62.44616412537683
01-01-2025 06:13,85.02829394161313,1.8475731045091743,59.087927169212875,230.5430043045979,173.88234824228073,0.6686467153721956,26.179198229183953,50.54803040179516,0.027847025615400738,61.239808589851286
01-01-2025 06:14,267.1169939744782,2.0173708878980845,59.75885402069093,244.6756244692241,235.2062446639003,0.2875858928551952,34.01616191856822,62.39185193041133,0.080709353,53.12802792619954
01-01-2025 06:15,171.8577995623784,1.6019309581625674,71.37863999295539,190.0212275849672,213.79277689988004,0.9726693350460669,20.726963487137336,65.60359961239652,0.043501491,71.53146021724268
01-01-2025 06:16,273.6380567235228,1.9717536024759046,74.50338399516909,228.32979829560477,199.7429243,0.33982799030669275,23.15414266852792,38.92253370491874,0.089468569,52.238368123336805
01-01-2025 06:17,249.9638139868288,1.8132958062648146,55.448419032698084,176.59284506321188,228.08951605447527,0.7184242544441715,28.488329076526384,33.979407368602125,0.082463809,58.19989086302078
01-01-2025 06:18,156.30337611730835,2.0765183987662508,61.128230244732954,249.03323037936485,144.96059083494828,0.39636357003114436,29.23328934789769,77.0198517,0.053388086,49.203761271891615
01-01-2025 06:19,55.61732708002935,1.6557943838938793,77.0582059,152.57695987643513,165.70626921892088,0.7740491061188286,20.593362598439196,43.033319128105084,0.015653843009570234,66.43008169664465
01-01-2025 06:20,117.16933984623653,1.9529213601690345,74.20080559084218,210.3528806501121,186.50363342209099,0.821457094,26.04558136860698,72.66732488043618,0.045583981949640175,55.40847513097619
01-01-2025 06:21,185.40855366521674,1.8885837339316744,79.54575208287427,215.9505981651327,162.6978539471521,0.7387357831291461,29.73730947246309,73.17457252314091,0.058235567,57.40412811746261
01-01-2025 06:22,208.36955495653683,1.9853953155431365,72.62744779046243,218.80455570741287,214.3905187302152,0.691599568,30.471058196051025,68.62612958812721,0.050454159738035124,56.033029264972285
01-01-2025 06:23,114.47192135830058,1.638912156689781,61.79585603083767,162.0387578789089,231.9208031053725,0.9139752751616095,29.57209853774404,38.44168033262851,0.036854479,69.44021688027392
01-01-2025 06:24,84.83901851820603,1.947990272456879,67.71913501983913,243.85297834731304,182.37701199309234,0.2629013687918065,24.808448365413867,71.09007296271002,0.004746295,58.83776514294133
01-01-2025 06:25,258.7325591998248,1.9368907527757144,69.83042762741961,168.11832790500827,174.2132600111895,0.4647318126241562,21.402801853968644,68.46252796207933,0.090213114,58.32002433861383
01-01-2025 06:26,296.10054517588804,1.9363960566497027,52.35367448951372,212.2753403239841,236.15507321375662,0.3986299837046768,26.40668669629001,59.83614950531086,0.08940068,52.088099949517506
01-01-2025 06:27,181.42254557567145,1.962092599957873,66.33490877311596,172.2676079123085,184.48524328275408,0.9904111696523372,21.931316560520834,46.86010175844764,0.062410156,51.91914743926834
01-01-2025 06:28,92.91982146207587,2.0058807623358175,71.27962485417828,180.7216417021271,188.90484004492833,0.5115118237334988,34.21435487781001,43.125430213327206,0.04426889,51.50695707859996
01-01-2025 06:29,118.07683162984223,2.082993399808462,55.01963912003181,204.64585417281245,175.16498723419053,0.7860901593923191,27.127562990339424,36.09446060401795,0.030068251643317147,46.146226677158886
01-01-2025 06:30,54.597669136866685,1.7618924320769287,73.41895152276672,191.71934185645765,230.95484730121382,0.7477801311048038,24.758887615353014,55.487853345043575,0.028902782,63.430373625404854
01-01-2025 06:31,278.5747016401248,2.0950296461080375,67.51318341542336,166.02256009765063,196.89554832818507,0.3696649899819022,31.49456107,59.26304377549232,0.088988629,50.38195384278001
01-01-2025 06:32,79.43777072253528,1.8989534093580724,78.56665357092784,167.09364024208483,216.21745871816447,0.3911981441692411,27.46922888873396,47.96694952578936,0.044143601,58.72686590360874
01-01-2025 06:33,194.1291188785634,1.6462349674805987,51.27266894620675,191.81447881627997,221.18067183508862,0.42502765084242733,24.65051036018675,53.76795338404342,0.061381729,66.08308687735394
01-01-2025 06:34,118.5138051718015,1.6351305575463877,57.95978412666401,225.72829782755008,174.18490419172582,0.5289018226075034,32.17951613586202,48.17572286846334,0.031297195,66.72218751787835
01-01-2025 06:35,188.54450062894836,1.8005429912176365,68.04661637899471,239.79646468477887,183.3694331,0.3874600525204215,33.007282265016826,62.05030286603506,0.070034792,62.608695050575534
01-01-2025 06:36,212.85509708796604,2.0709381862668805,58.89679736617792,158.4127662259383,224.84717744062647,0.21572118619747827,30.095122494330155,75.06296038982816,0.06694856,52.22233312790278
01-01-2025 06:37,257.4354509268004,2.0246085608445497,71.43272492213727,189.3103907559401,176.32553516758102,0.9035144454457564,20.704466336115008,38.196013102347244,0.077826381,51.94173908224473
01-01-2025 06:38,101.6053179401508,2.073168978803444,72.77015847565792,160.02455637228766,219.3935133451851,0.9724878651047073,28.494843202497982,49.07044049515617,0.029259383002912604,53.46468169957856
01-01-2025 06:39,52.74895716462012,1.9103614338649657,53.07547892199423,151.65924806325978,234.0992322574437,0.4732563096252544,31.449423679959224,37.04343019754307,0.017224835328317728,55.17269197284808
01-01-2025 06:40,84.22140751720181,1.8641193987732945,65.41563392620303,216.17186826439564,202.3210373068007,0.4708055035403783,22.04754518125373,61.24718852,0.041635972830711146,58.851378272369445
01-01-2025 06:41,275.00466046202627,1.6884715160237704,65.26671666773167,210.24494419665876,214.16272874518887,0.2056734502194968,23.430061270769052,66.44352547442979,0.072785684,68.28499533432745
01-01-2025 06:42,268.4725193906288,1.7969156521655871,61.07842310646623,166.30191138148862,220.5097312041135,0.7442005506642992,33.237426576022045,76.59563662987279,0.090169101,63.097086843783785
01-01-2025 06:43,199.35327554257708,1.8604116197043252,77.98774587709016,173.3812833093064,224.50396488966425,0.8603519165989031,20.30182582779611,43.943596313048246,0.073032383,60.28810279526817
01-01-2025 06:44,200.12921510841335,1.6531602578077704,74.82518959619664,152.37077536445184,179.5053337856796,0.3172866402880026,31.29090706738964,77.51056029327151,0.068977773,69.47430643921267
01-01-2025 06:45,216.25916863656386,1.7323671716267268,70.91628146,233.49472056944037,145.12634591759982,0.3277330794937206,27.106599387716344,33.16313359103374,0.085545473,66.45099279155689
01-01-2025 06:46,93.84281966,1.9589351764382434,71.42979907204993,247.46905960485515,180.18762712367396,0.8320665999771502,26.701582382594104,60.15069316822941,0.030693891287128666,56.38253926083508
01-01-2025 06:47,278.60298648123995,2.041397868543514,63.85148431439357,163.54595367946908,207.37562297840898,0.6930325986833157,20.10644798742331,32.85663597,0.091486486,53.28442478571376
01-01-2025 06:48,154.69263122301828,2.199008507,77.62983563289728,173.14752137652982,185.03503857807928,0.23588844610217363,32.29097346449739,74.68870938809724,0.057745327,49.12801088896922
01-01-2025 06:49,145.78463206237438,2.159867998806135,70.83786281759856,236.8409523946934,214.89631508603986,0.6980375923698254,25.397373509548498,56.49045285,0.04983099,52.437975091986345
01-01-2025 06:50,179.7294263207094,1.985539119721115,71.86943185,242.6463797956185,175.6982429468664,0.4471341782750129,28.11148446950814,63.467417538139806,0.05630527,52.89176330923073
01-01-2025 06:51,61.74149169376376,1.8527488319764434,75.85072711362037,191.96273828068104,203.47441411040296,0.49498012437667677,30.15951029503489,71.57869629552263,0.025844840113274658,61.815320164171546
01-01-2025 06:52,91.57084218901986,1.9817064188249398,58.22214768026573,155.0622472269074,158.64198048539745,0.8157851346375042,30.539443646568735,37.51553112419844,0.024150949,51.55916776003118
01-01-2025 06:53,234.50840410659262,2.0713909708481393,74.21212711600108,153.93918336928195,214.9369436644957,0.8487481541380886,34.339700882391085,31.929578096906692,0.072448544,54.19500150015274
01-01-2025 06:54,70.69966698128161,1.6710017145540326,55.857218088694765,207.39498660690106,194.56959688130257,0.5202853014718645,27.970099298549137,73.94405729564261,0.018404448221073202,62.09703125548658
01-01-2025 06:55,200.78802736659705,1.845942933817773,60.360258567346634,189.2895108893179,160.40643885466005,0.9577223488050839,25.995793264616413,45.746661372946626,0.080794681,59.92695978120818
01-01-2025 06:56,111.33727742033024,2.1038813713813704,60.06831362809528,152.86524275776546,169.1911173497807,0.5251701743616578,34.305554397375616,36.44894539635826,0.005087824,47.59831100766756
01-01-2025 06:57,147.32390351049412,1.8302997711598266,79.35576405167421,208.3252392312557,214.86087085818323,0.8174688281840881,29.631653525382816,53.42306185435433,0.053309496,62.19083823169976
01-01-2025 06:58,122.17343419267496,1.943123362736312,75.69611671,151.13025365890223,188.26012356615206,0.5871018116514073,24.472255344148333,59.91530378480094,0.041270819,55.52129243
01-01-2025 06:59,138.9181791162373,1.952661616517319,71.03509585,228.7371958149273,161.6031440393072,0.9180258612176673,21.896963681053567,31.548530171125506,0.029728885411558294,56.17040262
01-01-2025 07:00,229.76147629606137,1.7106857518801837,71.81170285,180.64328227033715,236.72711903702975,0.9262089949201429,32.63831752197772,43.74478291285439,0.080067362,69.10391155506684
01-01-2025 07:01,124.28042890579376,1.8173412649913732,66.86218383207714,154.0258003009232,211.51250198168879,0.2699334462968671,25.432724041912273,31.639993713844802,0.046391464,61.628408799701546
01-01-2025 07:02,191.6011600742243,1.8007067732451594,78.41272001325558,208.83522209831534,235.71348325397963,0.9491946650481806,29.907045820466468,51.01676945977495,0.070082781,65.90963390859369
01-01-2025 07:03,169.0126005497749,1.615718025119239,64.88776258647084,189.76844144330548,182.7105045360343,0.8604278732163326,27.062246290488474,74.75500145331222,0.030100940553725107,72.67811515645718
01-01-2025 07:04,215.91779134066203,1.6145150583348133,61.41553129609684,247.38004133571496,187.51003406917204,0.8330485714501334,22.983946696925575,79.13262057467847,0.085996354,69.23001509547198
01-01-2025 07:05,284.2074348311895,2.099018226205464,54.89106010794773,204.4198662503702,229.79552161850194,0.36072907174841795,29.025299129306976,61.85237767518137,0.087832124,46.89988383
01-01-2025 07:06,233.14302430256257,1.7638424859836876,73.58616956783175,177.52391810370082,192.50493402453847,0.8440953670037319,20.910246034260236,38.08188468922959,0.084968591,66.09803890458443
01-01-2025 07:07,103.73509464768918,1.9108472597432895,72.03331796226774,220.94388646339746,210.7278911905667,0.8801061877480294,26.200136898067882,75.29246949996528,0.042161994513798734,57.88418091009339
01-01-2025 07:08,57.79578376532117,1.779235344153264,61.530651155724044,177.14920025427114,165.2172877,0.43132026756332076,28.199224094955063,55.812391160003024,0.010594616705189663,61.12787109841991
01-01-2025 07:09,115.56601107495626,2.1644075470692044,50.75580241877688,240.42432914075653,184.67264687026406,0.9618080626898591,26.540704611778686,37.68746561,0.045319213,41.53507300174924
01-01-2025 07:10,198.7694826750637,1.7555780553194644,75.16991983154033,187.47219705073763,152.3449865810355,0.23988811711933142,31.230082628764862,76.08633347258308,0.062732844,67.66337673569828
01-01-2025 07:11,62.856453371062585,1.8577940876433612,50.342539503622206,204.98685627762052,160.59800358769616,0.31992740259771174,32.41887431817969,67.87345253615516,0.00034314,55.984739243691116
01-01-2025 07:12,174.09156180030908,2.1236381502907613,71.11099338887152,155.05731038242288,140.09434152676312,0.6300649104412115,31.56864611049767,66.58526363615758,0.069998092,50.640869157775576
01-01-2025 07:13,199.2107122292223,2.1051601400750855,79.10771329,192.61212379522308,143.92650516486603,0.6606339768978478,20.582194217177033,65.45903518972023,0.058985138966627076,50.54321319813965
01-01-2025 07:14,133.5609727042402,1.7116608507077664,63.12983984,233.2363539660995,237.72838231769293,0.7161200666407228,22.911931556689584,40.016991054822114,0.036197991228539936,66.03142920000951
01-01-2025 07:15,242.72805093645547,2.0815859858774264,57.04920214987858,230.5648805363342,164.23536951367623,0.2135753034523732,28.049112638956615,40.550334585376305,0.077283238,47.622518518608494
01-01-2025 07:16,76.64956328344294,1.8749121320427358,71.14613030130145,172.43185588535263,206.3310709504002,0.9682934196977042,34.02233060665702,64.41464992136275,0.028399970953227268,59.94932333514721
01-01-2025 07:17,68.78444543395219,1.8897813232512133,74.51384426046755,172.60790710105627,223.90996987996115,0.2356704741873152,32.524351625781755,40.98613750551984,0.022470085,62.06716798452324
01-01-2025 07:18,232.04718905090084,1.6800879834495663,66.39290948233543,231.73053122132367,195.06604592365642,0.31444956217872194,32.63801762527702,51.93358484015244,0.083216478,68.65658118
01-01-2025 07:19,173.87282905154962,1.648360908254275,79.01105825768438,243.03984201693254,155.31445000839562,0.2112116140208456,24.548122906395122,69.10009127969707,0.044852504,70.82371518
01-01-2025 07:20,222.1005991,2.0367635841842593,51.550061649738836,159.53609212730035,212.81164373361662,0.6534867466352758,26.44171845618054,69.19762590489205,0.066979837,46.30320689716396
01-01-2025 07:21,158.70683465093657,1.897876691,65.14386794913584,195.0058639426225,200.0251410099583,0.9458135071367779,27.06058920973906,52.66308862629298,0.052006819,64.09932707342126
01-01-2025 07:22,111.6005083097767,1.8621104215691078,71.55361842,183.74542789642288,213.12505893473752,0.7327577328643715,22.360573750248655,69.60949691376226,0.056365043,64.31802476171727
01-01-2025 07:23,254.77557941854994,2.037704937191438,75.87921413447538,237.06884554574395,216.97466228570872,0.8581259747843419,20.466021953666846,71.93108980990283,0.084211694,56.11299498901416
01-01-2025 07:24,249.8539697422448,2.059307739394666,55.37766836,158.3524914680019,237.5410367684745,0.21062496276686407,34.20354349190775,62.73878756421301,0.094553303,48.19681653247817
01-01-2025 07:25,223.67411771360668,1.6953449006016121,74.00010445291045,171.11259425580374,197.356328,0.6336122387837808,23.61068878,41.42129261542101,0.075316381,67.75904054311367
01-01-2025 07:26,118.03628430749067,1.9661350896865848,66.58121227155635,225.24683375864942,174.1641112690602,0.5676503820044175,23.599233555854468,43.70058901927737,0.034705569,54.583998007294845
01-01-2025 07:27,197.5576667172718,1.6812124493666114,61.89661046,155.12938489812157,204.8464556900237,0.5991743553766344,21.250685806531393,45.742057770436766,0.063714574,68.65853599546811
01-01-2025 07:28,140.24347423500672,2.0508250516174273,53.951450857372805,199.25353807142892,146.8440709242626,0.2577705482681504,33.92761627915668,35.84020539,0.045297367,50.28229388848114
01-01-2025 07:29,72.89551833165854,1.994173093760284,75.95887276726737,194.2107035,229.7397318321586,0.7475482888554461,28.69605672409658,43.65798101849725,0.030456456030712998,54.856523086322454
01-01-2025 07:30,279.32839386556066,2.173968772650075,54.71819624539146,183.44011789887486,151.93810113381969,0.6025763318869075,30.005552856880307,40.475961215626604,0.10732112462072838,44.04337814482574
01-01-2025 07:31,84.20465772974035,1.6413748098138528,59.29363577627298,189.45723153189238,172.78428378858183,0.8121190798890112,33.67365330894579,52.76643749043011,0.031805369,69.44611105
01-01-2025 07:32,287.55933845520065,1.6342328326907527,58.701365958873104,202.9940586930233,221.57453806261208,0.5882325072493724,25.184302533511843,75.42187739361324,0.10820315516990978,70.57115557778546
01-01-2025 07:33,161.50144323948894,1.7693122448159202,76.14242102572562,166.13673583883832,199.7312378330712,0.3195053089811457,29.322609667071262,35.224015837697905,0.044455086,68.51265753948081
01-01-2025 07:34,96.28323220965491,1.7570234102415436,70.18108982626694,207.19958782835928,179.36355202774422,0.7186055632622577,20.58199182093331,66.01339619736979,0.028108578,66.26934569
01-01-2025 07:35,185.47523684458955,1.748187279,73.90044191574117,230.54323292999862,187.34356593750215,0.33790909,22.80158792346694,64.36415022065638,0.054891179,65.34734746781497
01-01-2025 07:36,268.23645896910205,2.143752748312622,57.51403696377497,226.01609297901592,225.45473932021804,0.8979156506838519,32.46868707634914,34.78770993316788,0.09300366,40.26966980959187
01-01-2025 07:37,233.0562216023903,1.7497277199097039,68.74622298820996,165.38999046937738,174.00043860598922,0.6904929912553932,31.501525345075038,76.12862025,0.07448425,65.35445584887029
01-01-2025 07:38,251.64028696536244,1.7631698356771788,67.15237949431246,164.9249469741474,226.9649684812171,0.3257631068455634,25.259640371857202,58.42361010784098,0.091597226,63.90002495408714
01-01-2025 07:39,214.69584167767934,2.0556389574507783,74.98491130364813,176.81743677449134,148.81344309766914,0.9698704459849654,25.652159416613188,48.18627605678421,0.06261309,54.05138816
01-01-2025 07:40,223.0691411294631,1.8698439054703242,77.18261181443782,186.10747263410371,217.67984372086306,0.6146923706682565,28.003316503303694,67.82692917476533,0.075158472,61.75056083814101
01-01-2025 07:41,262.2989128913298,2.0660263341731087,50.36470314,190.84555814084825,224.75476330547363,0.258318761,20.003615070277018,42.86827292,0.094738715,45.77936293804167
01-01-2025 07:42,112.41700221479648,1.6392196945386313,70.22059757176378,217.9697216833345,158.18176528373388,0.7014663235320537,23.61866504057042,64.67549185231601,0.017006668,70.59014884650989
01-01-2025 07:43,172.35624091078512,1.8925427162040307,51.555073973591874,155.66804321658353,183.03465323722003,0.4025591256102482,23.123477129123216,31.985560378612362,0.078955654,56.873738774620854
01-01-2025 07:44,105.30236045490057,1.6201681601099698,66.46575995232068,153.46727042260665,156.54997746636556,0.842954762,23.75724420124645,71.97040188,0.032444771903592934,70.85110315018467
01-01-2025 07:45,296.91700199916176,1.637591922073213,58.628981871310344,189.1910562943909,210.66041289942177,0.8542576588529525,32.08858763800162,52.408542351065925,0.079216797,69.11527349848033
01-01-2025 07:46,286.01483492165335,2.1438624720066466,59.203297985664236,219.71636921379803,193.53477680616567,0.9831578846837294,24.19510784819665,61.83464571789709,0.097395909,48.294264006710236
01-01-2025 07:47,59.856702842126474,1.6835472226705572,60.5887551,169.34353429564825,203.53233467083209,0.6014956248196031,22.87281983075222,41.061890990334184,0.020386430131843877,64.95580329081403
01-01-2025 07:48,226.3937931289221,1.9194524093651304,68.63877347,214.1504481256252,159.6486966956211,0.5639655037821898,27.563951911895472,63.85368563,0.075022977,57.807984623860264
01-01-2025 07:49,281.3120793539165,1.846657361560424,60.02149897006308,175.98281379402994,161.17458620524195,0.8027804843571846,32.98467554559098,68.61201379466382,0.10415145771282869,59.32025506610241
01-01-2025 07:50,95.14383628183339,1.8084059957553058,71.98097151770841,238.60861088135164,144.14973255099065,0.3059765250735413,23.620245557562498,53.66065934421994,0.039347635,63.27535337154269
01-01-2025 07:51,191.98630763815737,2.1399000074123635,62.13582156721609,239.56899442666165,172.20675351957297,0.6375324110344993,21.178043641891982,60.886346203089715,0.067294175,49.82759932889214
01-01-2025 07:52,278.87207439701046,1.6130940380652938,52.05059600929876,179.72872042813265,195.97446613336749,0.6369980801046808,25.34607103774497,52.81629619111993,0.097923701,68.17369518529298
01-01-2025 07:53,58.486494646449714,1.9982738117053536,73.51279527452321,172.99937539632404,225.7934913997329,0.2715784982483098,31.214777368474667,74.70456846289227,0.018549391,59.92629346583041
01-01-2025 07:54,224.35506681170997,2.1780366605281305,58.57274973778118,191.13039720662312,206.69274474586808,0.5343872684055309,28.260358170421917,54.893459025715956,0.092913856,50.00602148620036
01-01-2025 07:55,124.3372518431377,1.9361009100771054,62.98300638797788,174.05315851801487,183.53963233997513,0.8826278388537616,32.251900543615214,72.09043545144095,0.026861019183873465,56.31186403973921
01-01-2025 07:56,281.0990488441326,2.1620934772198552,70.56331649665705,217.23838432917034,235.31201143941377,0.8849228975957282,34.39388221413851,70.06760291351243,0.095564698,40.95561311361846
01-01-2025 07:57,292.7645612913419,1.6313547275716143,59.973684714461356,232.60646845482856,211.92452005758318,0.2793901319357448,31.889937151274253,50.525241067417824,0.098726374,70.21421277228224
01-01-2025 07:58,286.06662227835847,1.851275991444497,51.69756968440147,217.3092130911217,233.0165203,0.2725767061982647,29.05704618,41.504224592873754,0.10396512252389602,56.20772160112631
01-01-2025 07:59,168.55355416436595,1.7560946745772308,61.217631410384406,232.43504472493495,192.75879732721657,0.41015638160154827,27.40012382078571,50.304106627988546,0.048026902,61.396771455325634
01-01-2025 08:00,265.51066274732835,2.0384925789884383,78.33345748082911,189.69921622074742,165.89042747931396,0.8998128500431948,20.6010363,71.31086878876101,0.071509346,54.33009778664957
01-01-2025 08:01,261.1373496337676,2.1887782542983483,69.25203191895675,165.63169707088608,145.2826686364722,0.30312206805879915,34.76482968221062,41.38162679096962,0.089049242,46.40599011822821
01-01-2025 08:02,129.77511831081392,1.7539180374665488,70.14437446001621,223.79509473975924,212.60848514838506,0.7759974421019571,25.75221683862564,56.221817292887465,0.04628697,66.09669301355208
01-01-2025 08:03,257.2288685376693,1.9925047608844448,68.96846461,186.0474505141554,152.13029980055342,0.2809324956904826,22.283423208753003,70.30483739803736,0.10106766505459572,51.974630928195594
01-01-2025 08:04,59.25190867887316,1.7188585796558442,55.96976417,217.12708252291327,170.27751282719672,0.6985102829982603,30.00063283094685,47.67387375641894,0.007145769,61.284168155939646
01-01-2025 08:05,199.06746962051326,1.939198152742966,62.55001592,177.06439419817656,193.24709078838976,0.4848538392953159,24.26432433643189,62.11048185013487,0.07823454,56.62839418328987
01-01-2025 08:06,107.50220932192576,1.8783594920130018,72.52819395089955,158.12296348066727,196.44165877797477,0.8311311703726936,28.786674063965712,42.281578702440726,0.059687383763116345,61.617147170486454
01-01-2025 08:07,80.14172144,2.1832031977789224,53.041186926594776,249.25817954877635,200.0583196987136,0.3869523590602909,28.80151861766887,35.46397227,0.023069827808622326,45.56319276403409
01-01-2025 08:08,69.23830040730229,1.9651163636178801,58.33558328269137,165.62015079305993,156.62553303497006,0.7113614635119678,26.68594731354304,69.71921125464281,0.010285408441514026,52.48838955395647
01-01-2025 08:09,224.07219396953494,1.8097038232520914,58.289573253975604,248.8420993963481,177.97374048216489,0.388546028,32.54177923317564,34.94843117043534,0.070994441,58.31323042217898
01-01-2025 08:10,134.96874094201655,1.6684574709327602,62.96056782783518,247.7279932566447,201.71942271169667,0.770928226,23.974505923331645,43.56906975397923,0.045354578,65.84054506068078
01-01-2025 08:11,231.19169288219035,1.6907480972409608,79.41106222826555,229.38181039080396,236.9818864633785,0.8989424276485991,26.72948887426601,72.75547109987201,0.083087096,69.73203406058413
01-01-2025 08:12,66.33908519973559,1.7351901579707412,52.025076400514656,215.94229620819976,212.76311376996887,0.30144143930140804,28.06538192886457,47.32346435393336,0.016309646,64.9683637
01-01-2025 08:13,128.82258445765257,1.7505799968041789,65.56102983141786,207.78070502510846,232.2603757093958,0.8932765508764029,29.954370811509495,78.65226747570806,0.058707551134787025,59.99413172257491
01-01-2025 08:14,184.8728230938343,2.110369634704683,55.38094046036631,236.61015453778347,216.2212058314177,0.6748602035314384,31.75957775758384,78.98671673869299,0.050787072586353885,47.219945189969216
01-01-2025 08:15,247.68079120974087,1.936733672969515,79.12029636229232,178.9439521619488,199.17169688924005,0.3016883926936192,25.922109243173843,43.41380102267783,0.065581014,56.68935547162745
01-01-2025 08:16,129.68812573301747,1.914034547,53.399105141823924,196.76812124848772,159.20233691363444,0.5420334842877697,29.69070416144894,32.04891111249452,0.054512626,51.81395380067301
01-01-2025 08:17,206.47284410925226,1.6688613231215306,62.10803007084774,211.9389969366502,206.6685651892513,0.3286882347880783,22.259164296027787,65.25316421026895,0.046422192464537514,68.60106637999796
01-01-2025 08:18,271.4944370590468,2.1160838160096613,72.13654954503818,191.1190475869491,202.3379565959907,0.7602783110932556,33.98972150813718,52.54932513241719,0.088909339,51.873206417619855
01-01-2025 08:19,203.96579704557615,2.0336885819250905,71.13663284082335,192.7486454090268,200.24691704572666,0.8070945075343599,25.745882096315054,35.03764219797881,0.099505353,54.77865032305558
01-01-2025 08:20,108.23986868840845,1.640601017140001,62.68185910681797,183.02846675020845,188.97858679882407,0.2846372162182392,30.942821329646577,65.37614094890213,0.036139920481017516,69.75438281522554
01-01-2025 08:21,56.100195389134505,2.0247010583378615,60.395725038581546,206.4231816684536,192.86566039892756,0.6049118821557156,20.305116228232663,31.55874545559606,0.007585889,51.131664880669575
01-01-2025 08:22,267.5247184752325,1.9261229304055878,61.92837135658612,235.0574528015116,173.4442527118104,0.8517000448207337,23.077807143572105,73.50983452,0.089046806,55.475482022426654
01-01-2025 08:23,55.31735271259679,1.649035207448067,57.92828789475918,170.1528378006313,191.9312692642303,0.9489304332407973,27.30623816485367,36.932626455665186,0.018023305272524586,70.99571051447431
01-01-2025 08:24,268.67541817104984,1.874980384917194,56.15998816,243.44330387534416,159.75559056784783,0.610814293,33.17378702,36.36559393733625,0.091612764,56.73964012703389
01-01-2025 08:25,182.2342835,1.8908177722780284,64.49119093,218.90876537482296,220.51743973603766,0.9602233788891257,27.908827249260156,38.78361489842923,0.067671115,59.73579152034039
01-01-2025 08:26,284.76692462822405,1.6994647240979655,58.05601268202822,232.3273213,158.57769546987078,0.6285511763648239,33.94805723440818,78.01331792460333,0.085005808,64.64537665441367
01-01-2025 08:27,249.69580894341635,2.1674188882001695,58.62384995,205.61906926300117,148.49662898894664,0.5153523956799264,27.256953448741946,64.65846801269231,0.10052357654841242,42.3314974
01-01-2025 08:28,299.48352763333435,2.1099852228883975,69.70268190423671,227.95167014240633,183.62460263571575,0.8785625028423165,27.35673645103925,70.06857677318183,0.10277812460089318,46.45186946
01-01-2025 08:29,137.67795386292755,2.001413402397465,79.05611995099676,151.62003973394673,205.83074395060618,0.5943861683664713,21.79620182750798,49.88174928663765,0.053390055,55.59671945442095
01-01-2025 08:30,241.79707223278172,1.8773773366003645,68.10911601678126,231.83804247795354,183.77168249335415,0.5775220084516184,32.039843662283296,46.81563637524778,0.074720525,61.63893224268165
01-01-2025 08:31,150.48272840231056,1.8470593249507052,52.309384011948985,154.01388590853665,167.67541319513086,0.5922499915278627,23.70448118700594,41.72420034,0.063275535,59.156087117633604
01-01-2025 08:32,169.9689050759772,1.9905840802905725,52.26750841562201,238.99133763628623,195.81711838904408,0.8774280014957963,33.49418734058473,54.03240141562045,0.054369059,53.658292799949564
01-01-2025 08:33,206.87636580459252,1.9272591216441435,78.54269662536697,249.19627472386435,174.7002335,0.8655532333504417,33.662363304955946,57.591436676708426,0.072079108,57.64408210143503
01-01-2025 08:34,268.4192785465847,1.6373638635291314,58.91872370922001,179.40674621767778,233.2867690126633,0.522815994,34.14965167811225,61.58874218263777,0.080589398,70.52093518092337
01-01-2025 08:35,296.02086729982375,1.9075015892621991,52.76200958247426,171.03185562857936,232.2645139603572,0.466639888,27.80345733654635,42.855925199934724,0.089197674,53.322551745634115
01-01-2025 08:36,242.06835346612954,2.083842170339704,67.97133761451144,226.53633638580408,190.23718199720955,0.5935424192313035,30.156406771754668,77.43270404514953,0.087974951,51.66622950665407
01-01-2025 08:37,154.44169554183344,1.875543926558175,68.70946334870798,175.30263409202533,172.78839940182584,0.6582180077896873,31.677738200924953,38.487924910356796,0.0473019,59.699431027599125
01-01-2025 08:38,155.33925056926756,1.6311739465325612,69.45514460356064,236.55623831722033,213.7132413956639,0.3906697685023976,21.965219279756983,78.28265874,0.043500418065660865,69.29632341878052
01-01-2025 08:39,234.39557539722287,2.07176692,58.022060835726236,160.28425921574768,143.67129434830667,0.8351640677724725,29.01435792496246,30.74280612537519,0.072090684,52.41091965851966
01-01-2025 08:40,109.6942864420756,1.7208182692815848,50.453320526434254,162.59551963793584,187.47690060436514,0.5891862125859384,20.514468519549673,54.05628459084228,0.043737116675269534,60.84771229369154
01-01-2025 08:41,77.61852828284867,1.7551725009328234,78.95046108363415,247.91515551006154,173.63233942703334,0.4672364387359677,27.463491250830888,46.66839190582814,0.019711828362718196,63.88398166799004
01-01-2025 08:42,138.65553941019414,1.6988238120593777,57.52679137073307,217.38388982700047,232.05358851025545,0.28545679437119253,22.322640224303413,52.456170696512544,0.045273056,64.59239676418434
01-01-2025 08:43,121.80974791352044,1.7981290389228985,70.28078864157642,234.68872244289528,141.20030272726825,0.3910761283228856,22.743843889431272,58.533228949039454,0.040956543,62.33134270282629
01-01-2025 08:44,124.07703011399752,2.0540509034131813,71.1988961,182.4329377351518,195.2814875718349,0.959424937,25.475713500389023,51.77945790063545,0.022392316228086177,59.83250892
01-01-2025 08:45,108.40193776247749,1.9116315157023624,68.30022251238458,217.64837495206044,214.06635810666262,0.4440797494556213,26.486557500747544,50.74234251507975,0.021603385096694776,59.54779882726237
01-01-2025 08:46,60.523297409090475,1.7229287644904276,59.387221826409444,209.4241827308597,188.5017987524041,0.3350874314936283,29.347586367982807,66.63617077066533,0.023638083524520934,63.14161263522754
01-01-2025 08:47,54.468483683353455,2.1266980468912244,58.13288761292198,210.3150120122947,148.54030301627216,0.5685382333239946,21.116426276577734,64.29381375432322,0.010876648422396436,45.446432508561244
01-01-2025 08:48,296.9305974340079,2.1277491129709176,67.93004848108109,218.25324595377214,237.24613900279022,0.44567019468819896,27.55537641856167,71.66356410179239,0.11003899925319684,45.71546835624194
01-01-2025 08:49,156.94328343396558,2.1223470550276042,75.98286900835075,207.53591731290987,191.80104313760978,0.22812740021695532,22.739376953796516,42.49794906197478,0.062244071,49.25225342909112
01-01-2025 08:50,146.08166178992042,1.7432777268289237,78.40201186770187,192.9062369302666,201.41862443190115,0.4585161738235338,28.60962762547613,60.47642548770318,0.056129043363177714,67.17917684
01-01-2025 08:51,219.91182067326747,1.870743606508593,53.177174132112725,177.5922694380547,163.66097827075072,0.6352868991515749,29.561069183917752,59.259739269642694,0.091868178,59.66034786926837
01-01-2025 08:52,104.56347196626604,2.190993793684525,54.64485838,226.8581330913202,188.3498085106804,0.6413698976159736,28.35063884829281,48.48689054363444,0.03419787,46.532598212981156
01-01-2025 08:53,287.49029598755635,2.0632074857859943,78.34208776349239,172.62724300031863,182.91494919583218,0.485247137,31.074432657174615,54.30287709513405,0.10279806841486977,54.598307784551466
01-01-2025 08:54,246.58625360388803,1.616300452735336,72.09605685004378,219.23543061544143,147.48958420019838,0.5578422050020806,25.03413866361352,45.68910716528644,0.076762385,70.12085792919035
01-01-2025 08:55,72.35275057806487,1.6391227547562954,76.48981474,173.33328226493268,150.6160353547467,0.9724143345878131,31.476598874496965,37.09221988084926,0.048761871,71.27067747155114
01-01-2025 08:56,154.3951939462321,1.8783588260873998,56.078979024060295,212.5330169954454,223.74725196187745,0.5018787817842494,26.491506225622906,40.690060533136645,0.071558726,56.04416676634692
01-01-2025 08:57,269.7795768905412,2.1455321235169365,67.62757613328205,224.7078267129029,163.98199522065903,0.4065814506079864,27.262767474838952,35.275682320060056,0.090494963,52.140958277506705
01-01-2025 08:58,286.1830055728526,1.9232210787716286,71.03418783252421,171.87138889065392,159.49582714986306,0.39477363525340814,29.72153190891607,64.15347875950621,0.099737169,57.89961405308954
01-01-2025 08:59,166.85037781246743,1.8986875048205742,70.40335656340918,155.99433008613082,190.49114512501393,0.5662116901633074,20.27537575998836,63.03636965545758,0.069487853,58.96049540336542
01-01-2025 09:00,203.35284730267693,1.6632842199739784,62.244550726000945,163.0973742994174,216.87471313625127,0.8076161189735553,29.809913321303725,77.53031857899364,0.066651809,62.485896496199715
01-01-2025 09:01,91.75848652,1.9940680628345766,50.461846750739255,210.59969672710255,146.1946518578988,0.3647905473507786,29.27877723608173,66.48392068236205,0.024172852277214253,50.93877714371926
01-01-2025 09:02,297.7921565342441,2.0932618963601355,67.4877817,234.94464062257356,197.68079196382558,0.7674369017126146,24.647706751299197,32.60229193780657,0.1085002699490406,52.44004876235005
01-01-2025 09:03,107.91792534586085,1.8282520045045376,57.59304617538827,154.49968212354244,151.92104428405733,0.21691985867953303,21.286914273492343,74.21225869644772,0.036936897,57.253083900819064
01-01-2025 09:04,285.68294353378144,2.0653671105551967,63.50762738428671,223.41512590416463,143.64610508256186,0.5351463823871568,21.364031748695616,73.13375814728629,0.097533731,49.58540038566385
01-01-2025 09:05,212.4116622480921,2.178685992340487,78.72743045251451,184.1318645950052,145.27439521622173,0.8206920521622296,33.848356204778426,52.166016038634936,0.062815193,51.18346843235076
01-01-2025 09:06,201.93419871971477,1.7222598754766136,61.97105952927304,197.85283699195224,223.41641082084413,0.47098636461954513,30.339189818387556,59.29315252639608,0.050471235087470485,61.550502439753956
01-01-2025 09:07,178.17212775412716,1.913997778716845,75.19404819993281,242.88595498455658,151.79724836280616,0.6509896811563196,21.906539206561106,78.80391662362595,0.062049087,61.59450050639661
01-01-2025 09:08,107.66745292943966,1.7722827748507455,55.65621817247754,183.19715047358454,144.5151364412292,0.3639833862607287,25.350847539633595,56.615218192408314,0.045118217,60.17564486011948
01-01-2025 09:09,94.13200800137707,2.0757126514203037,70.17381494075087,196.5336933939486,183.7899887142912,0.7935963129009378,28.887244908523947,75.26609141880448,0.029276155189700902,51.229120490355626
01-01-2025 09:10,105.12155226754385,1.9465560195286946,79.31020863,151.3682414760681,224.39934719420248,0.2418232826150077,32.53357557635973,34.15193789050932,0.049580015205215856,56.75204413523469
01-01-2025 09:11,96.60956553606363,1.9807494505301824,53.05679303,158.15987200048383,166.24083764893018,0.8820341159004004,20.654913930695127,39.55259343543414,0.025325041200425873,53.1374731
01-01-2025 09:12,244.89611839168833,2.0787484957695366,50.24959826681576,175.8591591134784,182.17126175259165,0.3585571091373345,23.549496972050132,52.03774717206589,0.071493155,52.81972379264045
01-01-2025 09:13,137.53131479168252,1.837582283597473,63.00748377897843,152.78522408210745,143.99225325637514,0.8995184253666646,33.34623485,59.23784041686524,0.045400687383252335,61.661199890818025
01-01-2025 09:14,64.46066914084909,2.1490540410442263,52.77876449154102,213.13753260482508,184.90785141348758,0.48202339304041386,20.137483252757246,70.81139259314001,0.020768398408671545,43.86502073265809
01-01-2025 09:15,292.27565753520287,1.919817320347684,72.45153049028694,192.63983568016226,197.76130806371336,0.7781468595795893,23.02098654190831,79.41310575715934,0.10561203258764519,60.968854455132984
01-01-2025 09:16,270.94647124085645,1.694772893701209,77.43645991545677,204.8145202728022,197.09070537521447,0.4553802382289508,34.38536263959449,49.442574823705826,0.08301744,68.06301714
01-01-2025 09:17,281.9380707988032,2.0175394709012817,63.02062918126276,167.46471858963295,173.24266921743651,0.9247293369877181,29.201027697832565,32.37078180700425,0.10813019608574806,55.65151696
01-01-2025 09:18,298.7269556616088,2.075956810262953,57.76134926466323,179.59320294366162,171.55331806631355,0.3013097004146995,23.925070499562597,70.05857516476624,0.1197426997717215,51.12735024674326
01-01-2025 09:19,93.47381230487181,1.7900570062405161,63.03209957019829,216.3824474852725,150.66236189365978,0.342815831,21.004866415937713,60.21903595414041,0.030922286852448643,56.117856533475546
01-01-2025 09:20,149.06050472566469,2.114307554199252,71.70343453550004,246.53027236303998,176.67983206462685,0.5944241001270418,20.42287010670833,39.92714294341008,0.062432373,48.760225473219876
01-01-2025 09:21,239.55961892602284,2.1436859528594603,50.27162484741113,155.04167736022092,149.94946688729647,0.2655507512305169,23.671176194553908,54.741422831071006,0.069687502,47.19565730077459
01-01-2025 09:22,224.00515451344805,1.7661426924266854,67.68361968454091,239.0384320855266,216.65959447120517,0.35678414776140954,33.22228729383366,67.11551227668622,0.085793942,64.19433078
01-01-2025 09:23,88.47397658496376,2.1901128836291335,68.39875054662137,207.68812013112085,236.62742977481858,0.9550131057696116,26.238704814462643,68.52058935343219,0.040111546,45.02772286874323
01-01-2025 09:24,253.95828124765444,1.6844269168292552,69.13064740687807,206.39195667556237,237.0074456666707,0.9811917289183099,30.805000537489896,54.9809206,0.093710397,66.18187377721779
01-01-2025 09:25,106.11014295916516,1.721209401041494,57.260662399426316,200.02785352077603,226.50710993753938,0.5010074634643376,33.77427553069937,45.26072650644296,0.035391267,59.79128319804674
01-01-2025 09:26,105.95440370565578,1.7105349035428157,71.4215817,156.93940859041834,200.0792149339619,0.9386288168111485,26.12060692404225,78.68712910192468,0.005952236,66.68617362350335
01-01-2025 09:27,184.2436057233534,2.1363938260047224,52.74174458995329,158.98768517361606,210.0865697,0.6358597405387454,22.869160565560957,63.168130547824646,0.055304336480802095,50.51397532983329
01-01-2025 09:28,198.23498371042578,1.9925755313949773,55.97811009400402,210.0912005659086,168.5205802680414,0.41579397269901364,27.75676896285379,50.411875967314934,0.060149559,54.10246754446637
01-01-2025 09:29,195.0215519594528,1.6912625699333639,76.32410139963446,184.09585714355583,203.07704201726207,0.761918977,33.62125530589782,44.02316121023262,0.055549671,72.99515148496918
01-01-2025 09:30,72.87170934943872,1.8641940510210095,72.16169452179699,241.72680665776807,185.56495494398774,0.7271214452598858,32.06561621206551,66.55514915017811,0.025634452677532633,62.62937104309898
01-01-2025 09:31,269.36521565759506,1.9691788150418814,50.41236662034036,190.65905373594723,188.20173397769327,0.9913002552869867,20.987447650447308,42.10917227968839,0.086047713,54.37027941
01-01-2025 09:32,116.40001064717652,1.6500784509936302,57.451287811094005,164.3281458702641,215.77765603751578,0.41203782992742666,30.38859200116373,38.58549944868441,0.030747883469153914,70.43527689796363
01-01-2025 09:33,82.37873032070104,2.1294498210444033,56.43219448979494,221.4718833502036,168.19183555972518,0.7376476021293883,28.578462836884306,56.491694448103516,0.017008873174956654,47.86297257486731
01-01-2025 09:34,272.1870199672443,2.082162121264921,58.12418984110918,179.3353421,171.80396116945198,0.24161900402355752,33.61194764519638,44.49936963220709,0.084027522,48.963898474611234
01-01-2025 09:35,288.91287455743833,1.903124064145983,57.426793108396595,202.54703073558932,232.46417911286366,0.2909168309573755,21.837221252754457,61.44525724618075,0.10800080509524113,58.425711089084025
01-01-2025 09:36,265.53190431636267,2.1802759691555025,51.87578887228537,219.7832786,145.62242948509723,0.20313469996087463,28.01054169806985,35.89693374371167,0.082342937,47.07179948248074
01-01-2025 09:37,252.37901868121952,1.850656588,63.768215497904606,240.02641112020706,188.56342984133403,0.9995685448477385,33.191940402678384,62.74705522836608,0.079397584,58.76745031155411
01-01-2025 09:38,213.81049515975542,2.190466191421899,71.98200424358495,229.2191194801676,231.28008004078617,0.8418189577179822,26.150356801126144,44.164826399885115,0.06705954,46.33461502716098
01-01-2025 09:39,187.7143426522848,2.0007519992821763,68.20195174152309,217.6361067872724,201.0363007818157,0.8293784117868326,27.229923765993007,30.012146721725635,0.06627424,54.88802244187933
01-01-2025 09:40,71.74668997785253,1.980802763952365,70.18615006,217.96331823951436,194.64070742121322,0.6077808602305438,21.056910165004375,36.34680288370882,0.028597636027865924,57.468117187357194
01-01-2025 09:41,152.11330326767467,1.699572937177471,52.43447535608718,244.59246440320865,164.97441792293552,0.44005366632435194,24.172154606733663,76.68076889,0.020511391202239392,65.10015968144172
01-01-2025 09:42,143.17212925307848,2.1291566549827867,78.54472130530363,179.5824097496536,174.32754890644483,0.3210114275701408,24.86759973753421,73.36773196,0.058179015438057376,48.69434286137406
01-01-2025 09:43,114.93844594008155,1.8564938127523691,75.15475501529075,150.11120941961875,225.2048415804693,0.42773979107717097,34.17683673,41.68045160181184,0.05286806,65.59441062709003
01-01-2025 09:44,230.85502842214623,1.6973400434694876,74.15270955486989,177.19545593981988,195.92181317684583,0.5007769775433113,24.240010408117385,68.91859522727455,0.066834569,66.65461031340078
01-01-2025 09:45,173.96893376969268,1.6075645119854556,74.68951415125302,171.7891379626744,191.4742194,0.8050480775842352,26.91303102904478,60.42857965869871,0.04855661,71.10519235705523
01-01-2025 09:46,70.26155397691198,1.9358534101830296,77.98131524398283,216.1834585113998,149.9579713540029,0.6317294311225219,30.069566353464197,78.54523557249348,0.019035087,57.35681792149975
01-01-2025 09:47,105.04580048745284,1.916439773273606,66.32761898341093,213.37115997655292,141.60281564551232,0.26198690124438617,22.43275058611816,48.680282976702955,0.027630302968730654,63.004590537612124
01-01-2025 09:48,220.8146909,2.0316121734214954,56.00846053602878,209.34613827047238,236.3685188687049,0.21442320716712981,27.29663580712812,64.07303062585856,0.07621219,51.42134651092188
01-01-2025 09:49,69.03271487257504,2.1341548318106813,68.50350823557623,151.62434432094537,177.69861672868416,0.28186574362725053,31.078085592138613,33.17678612119593,0.003660707,47.63255821332486
01-01-2025 09:50,262.8017285121922,1.6476439507858178,72.28644481003818,222.87780544506475,200.32130620995042,0.5283989709579036,33.00282819540599,49.81236734,0.076859303,71.27937803049981
01-01-2025 09:51,173.78663175349357,2.0388978942042177,72.13752180062076,182.35304124854915,147.9715073187285,0.9465543336392146,29.39388912,78.19088305940903,0.073610494,55.40986015057552
01-01-2025 09:52,170.1466443,1.7124471664585494,65.64347072500641,216.50559890066313,208.31142857230464,0.7099219849673772,30.035802729754217,56.949043722506026,0.047716926177626594,65.25535343949954
01-01-2025 09:53,198.1019461648794,2.1149062318942984,52.05376158000734,205.65784285021533,233.2566708705961,0.84146072,21.894252088768535,44.39397516674223,0.078798435,48.495716465796306
01-01-2025 09:54,256.1702414812873,2.0914381083169937,61.133388152903834,184.27309254279072,197.56652529974195,0.5730996756036388,34.186647458695205,36.013548156430346,0.089370413,47.91856938
01-01-2025 09:55,136.95230197554827,1.9244762529913269,77.62299825390072,163.45762671041078,152.61153223754104,0.48933286655603425,21.988611162267237,65.17641700907652,0.027786344015926088,58.55971298122857
01-01-2025 09:56,219.5040381397659,2.026145679173987,67.53346729272278,159.4418897660481,198.17215274734767,0.2867202981732982,31.620094057726973,62.24280217148634,0.079887145,49.44043298245296
01-01-2025 09:57,191.43299099894776,1.7886100679102492,66.1499583,233.15183331122236,216.63472131046524,0.9007464177489639,23.972244826674782,48.69693568018873,0.062953379,60.03768677468519
01-01-2025 09:58,116.75706754235533,1.8827007393596888,58.065605431465805,241.8397542081558,180.64165365740186,0.8265280232223222,34.00389715551877,77.54706759329171,0.034558947,60.92035312324699
01-01-2025 09:59,269.6574965887895,2.092982138626283,61.05346759749737,214.97880467642995,227.98377479414677,0.3344944780781801,30.799393090542193,31.110140649392516,0.092784832,52.77426522989278
01-01-2025 10:00,249.35650540173202,1.8755591183039284,76.86038267459509,160.34341148604832,204.86829533573643,0.6098084511010085,31.307205694675535,45.18619258159129,0.088280764,61.48128910005981
01-01-2025 10:01,214.61295866460637,1.8146789591952652,69.99389142580507,190.20272168882406,229.92489182892024,0.589899846,23.28588759589825,76.05347431497907,0.078971259,65.73748281173009
01-01-2025 10:02,262.64543227356046,1.896527468,73.62161080256999,222.89392001051573,202.35053112473372,0.7000732421492228,26.645599649527412,46.046771915972016,0.099768748,59.54307445329019
01-01-2025 10:03,266.8235502399506,2.0969495514623313,63.63036269202965,227.98208840100682,153.1287972004824,0.956949515,29.267197918839294,42.612641692758515,0.093467248,49.361269874776866
01-01-2025 10:04,227.09074417875868,1.8011248284225236,68.90741658368474,161.82186222910886,170.96917111051891,0.6638171534099837,31.549604273099014,56.71102049656237,0.062319058,62.84951147676712
01-01-2025 10:05,259.2533321,1.7042569558814464,57.45150826229623,150.00307188453823,160.17949482524568,0.6321738134228949,21.559390638685844,71.1900875,0.082113412,64.07018022655427
01-01-2025 10:06,224.3678654173209,2.0272084121984686,71.16382490850458,221.2137045880605,230.88264977168623,0.24025834634773116,34.435479746817926,35.15733804391805,0.10459371826748873,53.71403584664181
01-01-2025 10:07,220.0351929400751,2.0955869276248493,62.82804001110012,185.65961759862057,216.04000672874827,0.25032598081441915,33.35331005831834,77.15103548,0.0809567,52.028927111525164
01-01-2025 10:08,204.6528445537961,1.6603824871141202,63.27636544444237,175.44813316182604,207.63983689100058,0.34987743306143115,24.055228857433764,69.75364406,0.092251576,67.54024491223609
01-01-2025 10:09,238.1791598894103,1.743924467653567,69.47966973730645,151.28974697895254,170.09663196316217,0.22597661735339863,32.34140364548498,39.062512777577595,0.093744359,66.56391877018622
01-01-2025 10:10,89.65127632326843,1.6851831938565964,78.08841864,204.02994067614998,158.40447720502135,0.794682316,27.77485884559735,65.60039805990813,0.032451198283852414,71.27311702510436
01-01-2025 10:11,270.2176897997321,1.808764847,51.920190398258626,235.11507354259817,215.6451087988912,0.7786642431951705,26.92709722343028,49.24793613187786,0.093536997,59.80981579298919
01-01-2025 10:12,267.9608819,1.8702105873432477,74.74229712041023,245.7631646272588,187.41579458790795,0.30884498754531436,24.71651158717108,50.11473390381593,0.089401095,59.19949327853566
01-01-2025 10:13,57.31182075863978,2.049295802177984,58.77149331236579,206.57449506132892,162.5789552150629,0.8688631206362247,28.71452879947389,69.16450462194332,0.001821414,48.07673479742573
01-01-2025 10:14,256.45418764119063,1.9906885509290047,63.31758363519133,201.4461327739894,201.6621978165275,0.3238288278768896,30.948336765553968,78.13924039903661,0.086092625,54.33353595949269
01-01-2025 10:15,82.21746687,1.9725571404870588,50.65739986325027,158.5056385489241,144.0333852138452,0.4409404695978871,26.163993574441374,36.33279364,0.039649597,51.88668174351784
01-01-2025 10:16,133.77971356478548,1.8114249679657928,59.03138233502939,204.88728015425997,172.61702541282534,0.399181519,29.438287895124382,51.03151184394097,0.038819804,60.52406060621441
01-01-2025 10:17,235.87706407290193,2.104868531850856,65.07893727890391,187.99790789653946,186.85569945911345,0.4978456788584382,30.489693817329556,54.04708040421518,0.083138346,49.78893810324937
01-01-2025 10:18,90.18997401207704,1.8827723004388988,51.68528232042317,210.7135280883577,154.7958334109406,0.40373101271196954,30.666827255229286,48.81559084774988,0.038729551752977785,61.193311766861825
01-01-2025 10:19,254.49175602976555,2.187462962809093,64.73287188149496,188.87263478765468,238.46544775908396,0.5911607411507617,20.779491471967702,48.15945618581125,0.076157934,43.787603352652596
01-01-2025 10:20,258.0335444894355,1.9804852829774422,77.81331886575282,174.02991234503668,160.90973645896142,0.5259263050837484,32.89621708527601,32.613433378079826,0.081928209,53.36335991441062
01-01-2025 10:21,176.86693344020904,1.6757588449387018,53.16179654323415,159.49652752283765,153.03531300432655,0.9892555926234612,26.87379972147572,64.27693102813117,0.049071308,65.26675917813799
01-01-2025 10:22,51.596467929208394,2.0057065372452607,72.93322184226513,181.49184445888957,160.35348738868964,0.24474108010258055,23.93624122544322,51.81072085600227,0.009063161,54.60553776946621
01-01-2025 10:23,121.7595332937282,1.7950624092590195,62.29013160127978,159.6644834287752,216.90611331597242,0.3137451011098813,23.626467612195224,39.73969013219634,0.027913390816868337,62.28766568935508
01-01-2025 10:24,204.23172959393554,2.0117963180116587,69.65521143573014,167.6896950823984,182.55056592718427,0.242260715,27.245211692659257,70.80167511510342,0.059413145,55.62695561124769
01-01-2025 10:25,295.29654450685587,1.6417846888974434,57.80709793955688,248.7336158579546,196.54159397525382,0.7006729559859006,33.30247309203439,70.12803740758139,0.11311889921777511,69.45824142237143
01-01-2025 10:26,207.95338175416708,1.7049288623055758,54.78476787624075,194.41035569066185,142.10091569863607,0.24360742193097568,25.675213725239704,54.31958140444469,0.060509612596743055,60.74534744225724
01-01-2025 10:27,114.95089526603995,2.113442355343472,54.81387842813679,203.18717665050167,143.44313085733145,0.8691517899008987,31.24588620175315,44.92253305738802,0.039773142104730284,46.31164567617416
01-01-2025 10:28,208.50142577490283,1.736307734214109,52.114758369294336,237.36185287372155,184.58255498270162,0.6095509045455423,21.452280964808278,61.90463628982262,0.06481929,62.82816482305604
01-01-2025 10:29,184.99634492896388,2.1022246751457643,55.56940114703729,249.55689004906878,221.66552432016235,0.6216060996652271,27.140850532265926,44.407606788870154,0.073762435,49.56582041495134
01-01-2025 10:30,244.9613487877859,1.7675656530726465,69.92658154966905,208.27144493446815,228.52388787075654,0.6492756061697553,34.875292105891035,41.80039652,0.095173675,68.66958928760472
01-01-2025 10:31,76.74515971,1.9857291460352247,76.45071835530524,231.24738210441717,148.67065675956403,0.3366509650449686,31.556567041885053,66.52573270131633,0.034350328,58.77238577
01-01-2025 10:32,240.2569756,2.0164903441058986,74.42377056773486,182.69410243366752,193.83631021010228,0.35815224249159006,23.157927326609194,32.01626198604754,0.083547432,55.11156315753848
01-01-2025 10:33,185.31664466902757,1.9075928518870318,70.55402929623452,180.57439574472912,231.32296862792705,0.4550538582984038,27.52162210546866,34.738423551729696,0.059770480595715256,57.02622027788031
01-01-2025 10:34,290.74800096474866,1.783186406018039,53.31295590233308,190.2703721,178.79727543978862,0.6747971326574811,23.50437145,30.33940870117949,0.085481833,59.206555234307025
01-01-2025 10:35,135.46804150967154,1.7275866258226578,58.67562338887849,217.2507262673649,222.95658314283685,0.36809422075217163,26.14341390893764,37.647159323771305,0.064817083,62.44625399895517
01-01-2025 10:36,208.15547328348703,1.6199136127374558,59.29420625967407,218.21916892550988,153.3695654399436,0.293065382,31.70126035602447,33.44950043552297,0.062135353,69.37276399946411
01-01-2025 10:37,283.00702637750436,1.7823678407444343,57.49870839192864,181.5239434649451,233.53944896677987,0.9760935091347458,31.568372229356054,79.79011838899592,0.10144381730679237,61.71902293978002
01-01-2025 10:38,75.62743199766982,1.991897674,65.45016979,163.32099241366288,215.14233175313026,0.21758545184769834,23.421505668535776,44.44049849770448,0.035930845445453365,51.76682784382319
01-01-2025 10:39,284.3071218091128,2.162982891,66.06661444639018,213.23962564655085,234.13343927869016,0.8421579242688173,33.833349772322904,37.46340063346236,0.089690081,46.82220430833357
01-01-2025 10:40,221.97143057520333,2.1227226893578313,60.706579255133306,162.83258621887646,207.66172335525064,0.8304281196600176,28.88852274,42.049812899795896,0.084740555,49.98750338361626
01-01-2025 10:41,66.95926477629297,2.0596388659211815,60.61367476209308,207.84925082293302,176.3403931999427,0.4377712910760768,25.698864364430218,76.80627857700674,0.030073485733446696,51.44050502551948
01-01-2025 10:42,125.24089173670406,2.0730684059519793,74.85666793718244,219.34221280563088,233.81811725247223,0.30850129280585076,27.52903371171291,56.00801115121978,0.059235337085613515,54.18588658138286
01-01-2025 10:43,227.0430221613204,1.9989909420855974,73.67878544959056,220.06114963944515,167.55667763091785,0.3165029173643388,29.076068801566155,48.240904815392845,0.071365948,56.541962826608746
01-01-2025 10:44,66.83765036719292,1.7561721145396019,59.23387495042237,225.34721106595967,173.21725220617327,0.757945294,28.398357977686782,73.66957289546096,0.009531973,65.85275187771812
01-01-2025 10:45,195.54261504406833,2.1443170184234983,77.41365331619778,237.28594215656645,210.08084180017403,0.714245273,27.296075533042675,49.749513527451626,0.060451878,51.18213605394836
01-01-2025 10:46,136.47076423823918,2.0024393871435007,78.58445051007519,199.99589919647883,216.53162995253862,0.8261965394011095,27.573992061341002,46.75042849788479,0.047806241,55.847269020533616
01-01-2025 10:47,205.22887944186928,1.936264378588264,59.80227626090122,223.02491895295714,232.94034838491538,0.9499849379192837,22.646178656418293,40.36412612748678,0.069333802,53.67837002638257
01-01-2025 10:48,61.435508453128215,1.6665936815280888,60.63274846379164,211.91727353658368,160.48024090562095,0.7535418906132736,32.19099356457019,48.889841195470574,0.016646516,66.96202134805421
01-01-2025 10:49,267.8842015380941,1.8682333262838555,65.16902460265877,168.66399397976826,219.7998035219224,0.3246812292411548,28.126404799115228,45.834217800846304,0.070649233,54.42306383962737
01-01-2025 10:50,293.37224229434923,1.876214962721156,78.23362438,152.5689644869408,213.85460533969635,0.3947540934123286,21.966197925570548,63.865197964907054,0.10298453112989807,61.22954836269038
01-01-2025 10:51,292.2194638214229,2.1187381657136024,76.28958299426935,178.45413856769338,146.37945562535978,0.8737549846984918,31.49235652374167,44.479135233536354,0.11761696517099866,51.09671025046709
01-01-2025 10:52,237.41295793573119,1.9279889321126733,53.07703888,194.30337063376194,178.7223141210207,0.36744486066736687,33.98665967566026,58.859987321128074,0.084175853,51.76690878376005
01-01-2025 10:53,82.52156003265799,1.828240329382246,61.78192229814249,211.7105944428656,168.27654570600987,0.25801785356358514,34.209603488554436,33.29460825159863,0.033736078,58.370239607026676
01-01-2025 10:54,239.56579898225564,2.1860801971063957,66.60113569249316,234.99593305032053,170.44904243540304,0.7626240432338005,25.53526598616759,39.56445783482572,0.085978996,48.49633431453928
01-01-2025 10:55,56.14672911470038,1.6664323559957894,65.09397418,169.62457167061658,238.29468795547007,0.5220210843921136,22.03275310341131,50.37026358056744,0.022779620952248628,67.82292409362759
01-01-2025 10:56,55.53088788224932,1.853529056987167,55.81589203810678,162.5549789898477,204.2777413479928,0.936032042,27.77599439949598,76.84746269543477,0.027919507109234472,58.22559279554933
01-01-2025 10:57,130.90255478738533,1.6252148051028432,75.76450313504463,246.34799474743275,211.76761577934997,0.7202040568749293,21.68913844023831,48.86259928578477,0.047806092665630746,71.75700349075925
01-01-2025 10:58,172.16079760116645,2.0439424724601585,70.30822348990512,160.8044559376407,237.6617637315009,0.27233518223332864,34.00981127768926,63.20370606,0.054547095,53.489200975472535
01-01-2025 10:59,242.6018544519483,2.1508459313194903,75.13725124555411,197.8491070107189,177.72017824576386,0.9582852538029287,22.75369441032719,42.754361121069905,0.073311732,52.47933812204784
01-01-2025 11:00,220.8238441516263,1.7680223977302938,75.76292838048417,208.55637287933018,220.1840168452806,0.40684581091219674,23.791487899267462,36.35167879866159,0.071486251,65.67854813029238
01-01-2025 11:01,161.47567659418706,2.115005006079473,72.45067561,204.13744209074383,183.45309633044954,0.46976999232502864,26.099547903274555,32.926830004002504,0.057235647,47.97350865117802
01-01-2025 11:02,118.40666657041646,1.7753309382771387,63.17631803749152,158.60321570329432,226.95336718149798,0.5218083309468337,25.747467028386886,45.27067492713757,0.036505403689859786,65.88228600616158
01-01-2025 11:03,299.2811250394278,2.1464620969863493,68.31640265046273,155.70269140036194,158.06575413113032,0.2409794371234506,31.919943385968335,37.883051339845395,0.10340256371952262,49.54547718529627
01-01-2025 11:04,156.54532555899323,2.0523771421580705,54.810962183592295,160.54834274610357,234.76861770642796,0.5972123377844839,26.844752308264436,38.70052240080621,0.056834185,48.688599288805506
01-01-2025 11:05,162.84675608241886,2.0829440661048633,70.20936252424723,208.55876838726124,161.87717084108797,0.29865479286023383,22.561523900050055,68.03796542,0.062885458,49.21730642406487
01-01-2025 11:06,90.9059553,1.6108039333602728,55.377597672178425,204.4344887634321,172.62205069809315,0.5207762613506814,24.00814843229111,30.79190354724371,0.043281445,68.43519064194088
01-01-2025 11:07,248.70238718748234,2.1776862142444156,70.81848771530471,173.37407920367443,215.61922341067805,0.48056783039366746,27.63670077781283,57.890506286771725,0.084095374,47.82190496333557
01-01-2025 11:08,223.42055644537217,2.036002595242194,56.88794482261906,213.77741418455915,179.37551415654067,0.8182720667412027,22.211808761392025,48.97306902967324,0.061768121,54.08577872690087
01-01-2025 11:09,105.19240319719009,1.782850657,53.526539,232.00675020556494,200.82113767664467,0.8425364093061849,29.174835134690213,55.32749999542736,0.031788414102866785,59.69946695030047
01-01-2025 11:10,70.59526140396068,2.097636798915308,54.958534704288724,154.15789598465938,184.45735010694284,0.32273030591127044,28.486209598267187,58.14151186073015,0.024090038244392823,46.41147340488049
01-01-2025 11:11,220.12482551867828,1.768912719048958,50.05976405657211,199.81299435480423,214.2369937089782,0.49324094990338097,30.720534745733865,45.668384722863905,0.055384129,62.04703648582797
01-01-2025 11:12,213.62780357028382,2.123652303739677,71.56218853560591,218.93104121026903,162.8331252368611,0.4986825288254654,34.065569230690514,44.75544300921426,0.085451959,52.216909342967774
01-01-2025 11:13,118.31488174955233,1.6675482342471624,71.97203147175136,175.2311927069687,145.8457987236877,0.32112835514886806,33.68381841651733,66.67009246674529,0.041059264511204695,69.02977965968418
01-01-2025 11:14,287.71589056260257,2.0222115864764776,65.44800049739779,180.7770905293149,169.99293974730662,0.8387628040409525,34.19113427103247,73.56384940605786,0.10019835168427473,54.553850735770276
01-01-2025 11:15,87.76447294522507,1.9244190859869463,54.84088403166151,211.3637902989384,187.43086648684303,0.7657826626683386,23.670733955355516,39.62908162292639,0.043056363,54.91603912536998
01-01-2025 11:16,158.08370026065046,1.6579206821172645,52.50663012532069,239.7935293443737,156.80200521926787,0.3523054290376278,21.97347959959032,34.88093802675745,0.046656611,65.65222894239206
01-01-2025 11:17,285.90398004189973,1.7451362969553035,50.57386899311861,230.99244203028994,175.47972896563886,0.4933775268750393,24.53415050744673,74.88979032,0.10151825262287671,63.63930368553943
01-01-2025 11:18,154.93182923153057,1.607442421766389,54.97244530895662,208.31302190995837,179.99830182935685,0.2846440198852114,33.42627759149472,47.49477318236993,0.050803522,68.94742885917877
01-01-2025 11:19,209.63148691602137,1.8812607792787035,76.72566604949441,223.02217177572493,145.73918436882735,0.7025652776744351,34.58080211935233,57.565869533140706,0.068385679,60.756153162085496
01-01-2025 11:20,149.3985994906986,1.7807591564560004,57.24610525105045,186.48224702077988,198.33072481842046,0.29709753963889574,32.88987426605714,47.97715722600017,0.042326607,63.923579883822384
01-01-2025 11:21,118.5538005871675,1.9590144905786555,60.628139816516466,214.0965528098758,228.43434279712875,0.9887473348999343,21.650265816913155,36.29011681730257,0.056371555,50.03533759457405
01-01-2025 11:22,295.99441198995703,1.7783426846251704,53.16036453443999,196.6181591127557,155.17429129530524,0.8245456597502898,34.21141997,59.46658225,0.095403128,64.60251214472505
01-01-2025 11:23,152.33350157876077,1.779951466904191,56.67083914244511,168.99361364575608,199.7808013401514,0.5121908396671961,26.35037041026179,56.25704258848148,0.058026365,57.72419096253992
01-01-2025 11:24,273.5248009197836,2.045915919238962,65.57673712340616,220.17382738772574,206.47392049108464,0.6628511458234836,20.139654361435305,40.14967795955986,0.072880734,51.024525005578155
01-01-2025 11:25,107.48865147277155,1.6288857015870122,68.23258049286957,205.64646373488222,181.93346804192885,0.929073453,26.635906111222905,52.59345223261389,0.047808584,69.40925296470328
01-01-2025 11:26,103.27617600627082,2.1417369971151925,57.36056942498633,185.86215819535914,210.1097587,0.6432794243166609,20.691037545132012,69.8473752,0.045119631,46.50967265893325
01-01-2025 11:27,57.78352072112784,2.111358324634709,51.731964776753514,241.13391900786308,181.0731543491012,0.33959878911836416,28.158168817416765,59.52130515539457,0.020331820544550856,48.90488205001546
01-01-2025 11:28,212.91670634397127,2.000682809935844,61.73098607382196,152.09341178267331,190.4637287977435,0.5029626844649275,25.07831041155577,34.84586635334974,0.069057672,51.203211580110164
01-01-2025 11:29,142.13158593094028,1.9559329420644307,57.02610112779003,181.5773151249496,140.7353044554427,0.8745158920237963,27.101524003910733,57.40107486145675,0.051614081343000655,54.68943618
01-01-2025 11:30,266.0895624599093,2.1353814988837914,56.58661769689406,155.68813977776466,209.17201141346888,0.7153704127916944,29.197555411146755,65.13691496447935,0.11202791003287252,45.74563938758765
01-01-2025 11:31,168.30247667288927,1.7111981077172287,78.79588408140366,226.65273162216272,206.13426789447243,0.7205795074670402,33.03201644,69.63517028903757,0.038748963,68.90153446626643
01-01-2025 11:32,292.04835697868043,1.6473814973144973,68.48901457777173,220.21074541137926,143.84008773263446,0.8934571885507914,29.92852364707893,61.45587893171334,0.10565647346359922,68.67299850337871
01-01-2025 11:33,96.38137893,1.743706101945723,66.70635329516287,183.1352218736317,176.82501073951332,0.9151784459700039,26.510733027172712,37.63290822703919,0.023171589,64.77889788656961
01-01-2025 11:34,267.1557919889027,2.076746967220114,62.473253105699655,217.5662902207073,237.90318407916675,0.9358340574235491,32.291417805055474,65.50866332950804,0.089298006,49.32492226740668
01-01-2025 11:35,244.14921319793544,1.6208021600358902,62.86833000290433,189.59372261959498,182.07365625686168,0.2758793546025249,33.58373206359698,63.86709230407582,0.079311185,67.7214517
01-01-2025 11:36,242.7304612,1.949684101050094,66.22715011514242,225.62537914224345,190.19454051318417,0.6353008015704807,21.79639949648296,31.22134414703166,0.077031522,56.83261100907958
01-01-2025 11:37,261.1958070292219,2.197262509714786,70.89289421108322,195.4183662736706,230.99301581597186,0.792407617,27.97899466329187,50.58738337951216,0.087395944,49.17550946513729
01-01-2025 11:38,240.25599773574973,2.1134176563025235,71.06438288545488,191.22797278316656,211.72618758657563,0.8055414761016111,24.267679396136664,46.64751234811867,0.069144048,49.47961165659434
01-01-2025 11:39,206.55508040785384,1.9128674134261539,55.15081723116349,243.4729915488301,198.20701311242237,0.6853729615760031,20.70591796815421,63.47060321268217,0.079487756,53.77793182004073
01-01-2025 11:40,82.81121942,1.6381845455719855,65.00338256229881,175.08790998907003,219.78046813410725,0.3334298681469393,30.02820042670978,40.806790615546035,0.009800323,69.70021502092402
01-01-2025 11:41,58.13154487281298,2.098824108631426,62.35874285102306,162.04473399965656,226.43662664559733,0.8379364431533316,32.941561661888386,59.54359614871292,0.024871713,49.453776438832186
01-01-2025 11:42,280.2119619539217,1.9593871049063265,76.11580898808153,208.4543113259458,185.68880717372667,0.7760890668119567,22.44353981716091,75.66029809070861,0.090605649,59.508673869335155
01-01-2025 11:43,204.1625786301845,1.6689597982357403,68.94256763655129,246.9321812284179,187.51083649318355,0.26890861723922904,32.18620486435851,69.89011861043039,0.056685215,66.21852717113836
01-01-2025 11:44,249.13432274404408,1.6563143708940138,65.97512199247946,187.78392137271868,178.60509356518358,0.57104786,32.800936003054126,76.07288681082652,0.085483832,64.38357171188848
01-01-2025 11:45,170.38058787813753,2.1457760916619555,53.46183926536752,156.20367636287816,236.67061400184605,0.3391819196174429,33.71510663999725,78.92529834663449,0.041507986,44.79531602294262
01-01-2025 11:46,79.32704724059862,2.0015201577628474,68.16913667970235,183.93052673095673,209.71662542903505,0.4699816365703775,23.979276336290788,30.533506350308137,0.026971699042796882,53.04031580689654
01-01-2025 11:47,81.29644805063761,2.0975720795900537,53.51611717,200.59316543195584,148.32230662080724,0.21446487376454837,33.559295977848336,61.13706381887388,0.013005541018848054,47.64276345031866
01-01-2025 11:48,221.39132180724283,2.127387340169361,60.11619726697256,166.19230066322137,226.29596233130184,0.5202638947286067,24.809941321046484,50.64196988794532,0.078778814,46.65405542
01-01-2025 11:49,157.57647372486568,1.9430634112289935,54.285258944429955,215.8102218056492,188.0559940836268,0.6399015369249683,28.285070201832543,72.99272451675608,0.043544545,55.61654924239915
01-01-2025 11:50,100.13118167508418,1.9104678110530249,70.76220941073106,249.77493890102005,146.87539064224876,0.6956660742616695,20.75761206248423,42.590735100456584,0.029034005690860107,58.15742891518019
01-01-2025 11:51,172.89863668535924,1.8582564461925943,56.187563415084576,195.17394759814437,194.9717255163311,0.7307922761029682,20.658216325531154,79.05147446,0.060860537169026965,58.208203832860946
01-01-2025 11:52,66.05223426878352,1.7901679526746717,61.75578119564078,185.47285567302126,181.7164278975702,0.8690330504819681,30.805598190983044,60.68539847718736,0.014402077361620122,62.059707249023184
01-01-2025 11:53,195.4928504785997,1.860757576515227,76.87024332856336,190.07041668344667,227.7749404862625,0.37237032582058405,26.667199669666864,69.67687011144154,0.064910465,62.33365578992797
01-01-2025 11:54,117.24835110877441,2.064327793438094,56.129491501969106,161.5146178395201,160.39946036093875,0.29638545795077437,23.844385630538262,34.279977641138416,0.024139892608990892,49.604528341960126
01-01-2025 11:55,249.38977515929705,1.961154058609079,65.23415191876337,238.32736014262238,222.6464609492183,0.8812297375183407,22.856202440373654,39.172894237943254,0.089854331,56.621869420210146
01-01-2025 11:56,127.59048973089344,2.135513973972908,62.578149834980664,191.4825655521352,195.76886911854527,0.3252902519141199,30.04930236288827,67.92018365171016,0.060391952115357014,46.50376074
01-01-2025 11:57,163.8050372704503,1.8660280086275127,50.54372123137189,188.72744114248414,145.4610303213469,0.9798080650689562,20.00602316,31.09932610196618,0.082796776,59.26645975448164
01-01-2025 11:58,52.905134977025156,1.9642537472312527,73.78274340718438,215.96902729304742,237.18453013254845,0.8740305835189097,32.08836753795281,70.84389929468914,0.018634902,56.71332403
01-01-2025 11:59,68.11172194863971,1.9787845318551933,52.07137718943799,194.20334209311235,191.2615244,0.6007012847116793,21.188744091948934,30.697450934595572,0.030699468260766173,49.63979588788251
01-01-2025 12:00,148.1233891016712,1.9550182973837955,64.22765062930861,214.82334688078458,169.08768542315823,0.9851371399376203,22.87234422362179,62.85594195306366,0.031815079,56.02094494449345
01-01-2025 12:01,169.98470867928086,2.021580264,66.82034884816849,156.14462901307874,186.9406841989258,0.2779013832864034,25.793545929486342,48.25469601,0.071972221,51.79849825068634
01-01-2025 12:02,200.00513702982593,1.7424600810248838,68.85279369843761,231.37233437222272,225.7857783517489,0.4424526089400813,27.272881095741553,60.57474263595996,0.074764006,66.40282456770991
01-01-2025 12:03,122.91564467732582,1.9074182665274746,70.65894887923626,244.05039528794026,170.49031243850635,0.7105795320324892,25.324926737209125,64.80157034945569,0.036337407,63.25427026683303
01-01-2025 12:04,223.74547153163564,1.6625348816850087,57.59817150568145,214.8765386159386,159.26763964867004,0.48000549477854304,24.81068247476441,47.123760959315206,0.087326541,64.44509485062025
01-01-2025 12:05,265.03059929730114,1.8307067965868877,50.29936329975348,245.4565928858811,152.90712469308815,0.9426980415846336,34.45874018109782,35.39812240554178,0.08624049,58.496345462923166
01-01-2025 12:06,244.96274722333746,1.8926002411727587,71.70330987064736,165.14323143699633,169.78593983902113,0.25250087054225406,29.623695218650916,33.48229338741328,0.077482268,56.12564114980988
01-01-2025 12:07,59.90470633708929,1.9913345557272837,66.06969798042735,197.74161894803535,218.00480870400435,0.6395294656487717,20.351494330510825,59.44680112812739,0.024821425877199824,55.46836782587682
01-01-2025 12:08,170.12673681445722,2.1703186315517224,75.08353109621746,210.18067339454473,187.16263651952616,0.6726930139160916,26.452638626664697,56.032767686705576,0.046358912,47.43253335757522
01-01-2025 12:09,76.23254460454372,1.9603906399290136,74.64165088702083,208.17366474211866,162.7481604,0.7221824990217793,33.12513049615956,67.11005045605663,0.03575415,56.26303534337465
01-01-2025 12:10,110.51125396563187,2.046156349705936,75.29978503,190.14617790890432,156.61849996097493,0.40453297866545157,24.52184279616002,55.486775500196856,0.026461371959218244,52.01113003881021
01-01-2025 12:11,296.6656483167866,1.9037596356971218,64.5528398,183.80844093662614,173.2729476510379,0.4916531420158916,21.418345171615822,51.12228950154396,0.088882444,59.22448498410184
01-01-2025 12:12,85.62388573,1.9804624188257989,60.00885187510597,162.6824022550419,233.9924372885709,0.8749444237319821,31.375771573848766,49.90435891181154,0.019587103833918387,55.79788233693577
01-01-2025 12:13,174.72203836283902,1.642559329680264,73.74674607774111,189.17424505622782,174.30267125900244,0.3559542151761279,29.09020747904122,31.322345129883374,0.066126883,70.09374645765469
01-01-2025 12:14,204.53893357952978,1.7526349485051083,63.538823390877646,166.2660815105485,238.81240759546353,0.8614942777386896,28.55468761739756,46.77786008483285,0.062352789133945395,61.87351332729976
01-01-2025 12:15,225.6162426,1.8171118559230832,55.50326589210304,223.43656764922184,188.52304557653562,0.650124338,20.803648394111118,78.80100788,0.062101483,62.59522501370501
01-01-2025 12:16,189.91217087172853,1.8834960130039082,75.64922058684422,170.8830935,157.91639182901508,0.8097500089552658,22.10748514693276,73.67777881135444,0.057563777,59.28918334170321
01-01-2025 12:17,52.44271185479592,1.6273892473014304,76.47679630317042,155.8565305284534,229.11400917935094,0.7708858930107774,29.33824094319671,46.468903351710885,0.017247884764551764,66.87572477
01-01-2025 12:18,131.61532706099797,1.6840144585319907,63.989292684205104,205.23661378172343,186.03553731348268,0.36600919630790324,23.117357621882537,59.38977025331861,0.03228141,67.35405821547553
01-01-2025 12:19,179.42791084617787,1.7660885846747836,52.27099181929363,209.52297327194015,210.96713435045245,0.6550501891470983,27.561051196226366,72.36483728,0.048591539,58.60110562958435
01-01-2025 12:20,71.96662478620834,2.1829196145406304,61.63478269750794,237.19130612805054,238.37115832091519,0.8941785222440739,28.173225290440904,52.063716837503435,0.045221783,47.98738954487472
01-01-2025 12:21,137.6567328022952,1.7988082042618305,74.10612978,207.6981612417682,145.0175350319974,0.5456929894415434,24.25260785406409,30.89789318750755,0.037509351,63.106622392955565
01-01-2025 12:22,58.30077719784164,1.8892246348672497,77.05322085638686,184.5480853723446,149.6694559787567,0.9732726161786533,34.22637733312239,33.72552309,0.016300336673546884,62.04908525767578
01-01-2025 12:23,69.64462428875518,1.717658627643036,56.10418227492787,230.30118815263205,212.04567414627562,0.5617720800813745,32.63696160253363,55.51963606743533,0.019658579,66.31749204236846
01-01-2025 12:24,149.23081905039902,1.966468042645461,52.009208360758144,204.0278893187421,168.1825003295472,0.3142285093343078,30.835602614491975,78.47196878379393,0.045778756304179255,50.325402237091744
01-01-2025 12:25,83.17893851076508,1.7684099293095847,76.32051359398517,157.92802846311918,158.4301396950099,0.5115477440621385,21.169907996141138,64.66047711094339,0.034078412,64.39583128462883
01-01-2025 12:26,191.88521206538954,1.724195547063056,61.68214816936626,206.58505603132465,143.93618798197295,0.9613619251124297,21.591950289635292,33.54580957192847,0.073762976,64.21726560603688
01-01-2025 12:27,222.36624228431643,1.9099435770675877,66.25282893,240.80185454216624,142.18467119862018,0.4557766794718834,27.391720187974336,39.46804378959314,0.071433147,60.92792534097057
01-01-2025 12:28,250.1466747772707,1.6033034794962526,79.04197436152276,189.63126254982205,217.4485603119791,0.8944785278936502,22.410700237864784,68.56615716,0.071434353,71.35949025657355
01-01-2025 12:29,100.03756106120252,1.6045984195895353,51.99694183742668,179.63258018998002,153.4433427,0.9050005453455119,34.673981952942114,72.07198799781224,0.046256985,66.02644419200591
01-01-2025 12:30,91.87064556476744,1.7314412854611148,69.44954022356286,164.3469457,186.77206159711508,0.4801492194655689,22.37780351041114,60.884729309429545,0.029823255,66.58853778
01-01-2025 12:31,76.14196008360007,1.6220328175004928,52.22316267724601,165.14455219353573,200.5896815179483,0.26660612644050574,27.31201753195961,62.22115848149083,0.042810774776577715,65.40886238400836
01-01-2025 12:32,209.10756238590918,1.664815452478415,61.26406785399501,193.2771484341819,182.8351800568846,0.7796463273270546,25.461815852622582,31.41687251916923,0.047595174423627956,66.96524723745765
01-01-2025 12:33,226.6189316217253,1.8033163896032511,74.11443636,209.56798241615294,142.7106652336233,0.44920983921118884,29.590796321811467,71.42651297907543,0.077871374,60.587156845094384
01-01-2025 12:34,57.89653620641051,2.081551407747888,63.004166982669034,158.06154051696018,218.3501502587909,0.8263388914060579,21.935546133341372,69.41376040854149,0.038581403,54.76743697173148
01-01-2025 12:35,284.05306156092246,1.9432291860215807,79.91547061708852,243.95685890251656,141.05132245416536,0.5541238786083464,26.454746420635864,42.951757205167354,0.091625134,56.558508221935675
01-01-2025 12:36,62.992820912868105,1.907600636,66.77177854839806,225.51336174451959,216.1889894377484,0.5882133938740972,24.120575492107154,65.43383599827536,0.018847660772464456,57.40682488
01-01-2025 12:37,185.32408382526762,1.776093293924873,59.63486458,208.66239182836625,229.33044937881226,0.8223275253988296,33.31627287007532,40.74273032124991,0.065038685,61.81827908713661
01-01-2025 12:38,227.2651298627291,2.159052232,56.603339777142594,232.84386709389906,183.28399210571723,0.5058906648493023,20.608785682020425,32.01650805257565,0.07054586,49.78395495775451
01-01-2025 12:39,267.7422809365214,1.838209024742315,60.51561602858486,158.01867568121133,193.55424730977984,0.5545018762583316,33.705912410096886,40.056827129518865,0.086572945,56.92507065415889
01-01-2025 12:40,228.52173303310695,1.652255660077463,61.175998212786524,197.68388777331245,187.69833926176537,0.5009523750156977,32.49491208,38.93144383771497,0.07317663,71.11238151
01-01-2025 12:41,250.43202076744797,1.9702399096706809,52.06141033171883,213.00931268616634,178.92086186234388,0.493872412,24.46356074661223,46.88739983674236,0.07762052,54.117039321720576
01-01-2025 12:42,134.8625481357015,1.668303036085961,61.08722598,232.86529061182893,228.74245353703603,0.6207572615211676,31.83935982015657,50.92247486,0.057467519,67.31951440196869
01-01-2025 12:43,253.70627843662805,1.8071338856810153,63.927155592176746,228.34695600492677,229.39335106699906,0.8470395556009207,20.468203405081212,55.42694457,0.089602384,59.53080831715883
01-01-2025 12:44,70.02871159616879,1.9044471632306854,71.68213256716413,177.70692497133996,173.58163646415346,0.4894146495380527,34.50298325,53.83769377541641,0.025965900705749567,60.30082246828156
01-01-2025 12:45,273.70416401513194,2.1245335148111057,69.70188454164824,244.0880169559204,201.5069754014698,0.6194037764301894,27.89892413884684,43.533730298264466,0.099776605,48.51206307104582
01-01-2025 12:46,186.89809403843407,1.8961279482040714,71.26296965687463,162.43458414308702,232.69075621458643,0.7365818603540808,24.54921539098168,31.458533428703724,0.059967303170840744,61.940798509608896
01-01-2025 12:47,254.32444249062343,2.0213552596189985,50.25091045630571,237.51336186211523,236.20584989413516,0.415551557,25.438748188920158,60.255081111857535,0.07745665,48.253847648285735
01-01-2025 12:48,163.07957112957502,2.1956901033994423,56.53002198741608,247.09402496046187,190.89590404220476,0.42201824392191406,20.99608030190746,49.78724149236772,0.048605413,44.25208327259336
01-01-2025 12:49,210.89442379913123,1.6788934719387891,69.85052865199569,167.71535232226256,185.28248052843267,0.9467305016187639,34.84024271063059,44.93360786937748,0.070667462,66.70382067682124
01-01-2025 12:50,181.6006652340283,1.7648389153117119,64.51968104539242,222.20660642037853,167.86943159285258,0.778827659,20.589379177260387,73.34705214152561,0.050244105769670463,61.33533367175602
01-01-2025 12:51,232.89738043883295,1.836745645358588,50.15940427005038,154.02855187779986,235.8871873,0.6617493409786471,29.823606847217885,67.33716539,0.073018012,59.04469467348239
01-01-2025 12:52,70.40749551,1.853096907123299,74.13483927295468,190.5422825139155,154.28143044728674,0.7181760435364897,26.641038915596873,72.88827741862211,0.018425344576347532,62.77400906447825
01-01-2025 12:53,65.08802099764095,1.8466126451593277,73.18428719871012,201.6283299197674,197.9829576047725,0.2234395544827347,34.23374327283072,54.74913973562305,0.043050049332499854,64.19037203117091
01-01-2025 12:54,111.77580850253662,2.144566601533933,66.45257488980688,208.0645225909634,168.25502675186388,0.6944823724493575,23.689996104601928,36.546562606338874,0.009706746,44.94810070018772
01-01-2025 12:55,89.88617002829709,2.028419586680114,51.99389977328816,243.59372482485594,167.90082903477966,0.6076070985793616,27.98130235907017,64.81107180606362,0.028315669745423194,52.39033789213517
01-01-2025 12:56,267.9458916480504,1.9647431284544223,72.99545148597754,217.22506872941946,180.49685873761885,0.6365997438235486,27.235343128741295,40.30368899685876,0.1070188116302446,62.02026296973241
01-01-2025 12:57,104.80349683951107,1.7856236307176694,67.51140763194093,198.1277951219237,239.87929358156543,0.4875390614646537,30.54299666075152,52.06148345458584,0.036327616,62.17405411932752
01-01-2025 12:58,293.96631395478283,2.094274230532777,73.45879931473877,230.96750362658895,145.4966306839822,0.26517911817035356,21.020153479286307,33.25003944744442,0.10601288990906318,55.71108786585462
01-01-2025 12:59,134.2239479427767,2.1730363068909937,72.55240977,245.0532820954409,197.85418182035315,0.3546713868896418,22.90683695035032,71.26542012114912,0.045963285711827874,48.06270713461564
01-01-2025 13:00,95.52947892217482,2.0927189695301363,74.09006215873512,152.20661486822908,148.2572158035277,0.9605957705701373,23.218472301392747,36.29703205237503,0.025329041626763762,49.364434175418964
01-01-2025 13:01,247.42462678561978,1.6009390631148839,65.54024199213875,248.25212722560389,155.4520829990519,0.5269596498167473,31.072261322625344,75.15487535246548,0.060468090628093496,69.45922099
01-01-2025 13:02,214.67694387521902,1.9818408221100443,54.20973554580545,158.61321390636803,183.95629417728986,0.5733465246646914,22.83708044,73.21153011307786,0.073971333,54.664722160109875
01-01-2025 13:03,174.54892911328474,1.6306812288652606,70.13472420139067,231.43867792687615,191.0460131346441,0.2421678318827512,28.602376458364652,53.22913822,0.050717825,68.12334272100465
01-01-2025 13:04,188.8408877344078,1.7545643322002333,68.61421355155912,178.03347525514124,165.8792408364524,0.23005298363518448,23.228657307514304,67.21841021519953,0.055258343329373585,63.339592104289515
01-01-2025 13:05,229.80044456806596,1.635714820208663,72.26759561597262,163.21796577538717,171.6457130874416,0.7737451576374061,32.92437425125968,60.972253690907664,0.071993276,71.21200517943439
01-01-2025 13:06,107.11368533282467,1.9622772717696328,55.09643018152206,193.9855639713835,148.6967020255933,0.630475731,34.13278181734458,70.15378211688724,0.053331699,53.53431539899625
01-01-2025 13:07,299.0834790141855,2.0119539480955644,55.849255997008676,214.39565794476135,170.32197838442505,0.6069647873730133,27.777394624133606,51.59025504,0.12424134089229188,52.86093918055264
01-01-2025 13:08,293.6982905366958,1.6686925828395431,76.71228551657985,188.0951845023475,236.6558439380544,0.39449962433813496,25.284633263137675,69.29042421,0.10056100670507712,70.07041287125091
01-01-2025 13:09,212.58142158673422,1.8303033298269877,72.49933395356213,155.4565408282699,234.47073816724816,0.7958005853039378,23.510866625262487,53.12284085,0.066567104,63.24698423673606
01-01-2025 13:10,99.88561273228629,1.8737419053733253,77.24685466100969,209.94611396587166,173.4878290136985,0.3345892632867935,20.746715022845656,77.04828939,0.021689416090803805,60.635092345649845
01-01-2025 13:11,220.05706060782282,1.821431813,72.76145963491763,240.24032761106747,197.08539362787616,0.35194779492881606,24.02750114296243,54.31860504125738,0.078404517,63.15848128878231
01-01-2025 13:12,68.04960224479396,1.672615000291116,67.91465917970905,188.32153659472516,230.95953911109444,0.5685697370786205,29.81353669917977,53.13096359668648,0.040625673,65.82358581
01-01-2025 13:13,57.663125551451515,1.8513686741124853,69.62398211083621,171.6332777630827,140.61838226408966,0.42902388968955274,28.004253969638164,69.25359307817564,0.016843743,63.446916702674606
01-01-2025 13:14,114.42072212780342,2.050706828685051,76.67383772,194.25773459328155,221.06835703375918,0.3979703849865171,34.16061917421391,71.07888458804189,0.014540981505281901,53.03794496260339
01-01-2025 13:15,165.6557391848291,1.6426045987199533,67.36420263535821,154.83627110487808,234.83695527889188,0.7161901156426653,25.94415893737551,57.72445571605854,0.062195169345072986,71.02635155337228
01-01-2025 13:16,267.06812635209513,1.6481080084491422,68.97173972985162,232.04875844802748,149.1325734333557,0.7207773961748356,30.40795013492592,38.98989067475377,0.099321819,68.40281368603891
01-01-2025 13:17,231.7922674,1.8128627751015907,54.69430148010802,232.63408109501867,156.1447686032921,0.8596136558399434,27.33984121212682,53.38791154787897,0.061791953,59.82834731347263
01-01-2025 13:18,235.67663029999525,2.165035426971355,64.21763660348309,208.80004634296284,236.07463027713555,0.5341668535783808,27.688643238863175,78.40362514548391,0.080716513,46.25218114006101
01-01-2025 13:19,156.37333361201883,2.0011435880337487,71.49191335874298,185.31028889383896,193.75401436403462,0.2584680728209202,24.016614719061764,67.64930965195926,0.056897327,53.22064828806259
01-01-2025 13:20,136.48374813674073,2.007201974003539,58.128280949490964,229.97833644457833,141.41966344717238,0.41893310793716615,26.824261652629996,70.55813019,0.044990983,48.84805645454604
01-01-2025 13:21,142.75969074615068,1.817151994502719,56.067625415736046,205.46870247883672,165.76319987635293,0.9840043705574535,27.061774955190607,31.641274940962006,0.039916787,57.41679698585354
01-01-2025 13:22,296.91239093401447,1.9561964747251233,59.414804246732466,232.59323085500162,184.99436742688596,0.6770068601861616,30.59963782623401,53.39297313170799,0.10962502319853042,53.98728415390973
01-01-2025 13:23,60.02729785312062,1.606078710416646,57.245018839785004,213.14587925830205,209.29089110247676,0.7677896678408163,34.10959998779171,62.331056682877765,0.016075347321108584,68.62961370894894
01-01-2025 13:24,266.75787403061213,1.9816576278457254,56.44737911109188,228.44054732127972,213.31603781367994,0.20588626370033164,24.939819162237562,71.50163418140374,0.074512026,55.04392933495589
01-01-2025 13:25,194.66885214309835,2.147972168545742,62.74552528604261,209.8562993,239.5421512925456,0.6145645857460167,20.633007028719476,32.46368267913857,0.044719321,46.738703395785144
01-01-2025 13:26,159.65385479739763,1.9675440810068916,77.23515541650602,191.41410682156663,168.7511199383759,0.2300229260254425,27.444426882509596,72.62194428209366,0.066092537,55.98134631
01-01-2025 13:27,231.3144151037841,2.124219156079807,65.21178940216154,245.79458599261375,193.82201018684754,0.6553841696731584,28.16691998223753,57.42004683709558,0.083656969,46.18816207
01-01-2025 13:28,171.6672353561757,2.0343838332796564,55.63761142445969,204.11138248788447,193.3323547859605,0.9366166797088604,22.52660826697873,39.865698528802994,0.058388259,51.71229618951389
01-01-2025 13:29,268.35580952041516,1.6723350498422143,52.309150081426225,210.50895185405383,180.56452594472375,0.9747353044003264,31.40696909,45.86276082,0.08549645,67.33481705325536
01-01-2025 13:30,275.17546600281463,2.1414719843715053,70.88468435413776,172.04876394147493,156.91618938424202,0.6324421403111393,34.77393662662237,44.096477587578036,0.086893797,52.050718031879924
01-01-2025 13:31,155.43023171836387,1.639866306613465,61.48396293309163,212.56507894272764,237.74565631838425,0.5665638442017729,34.18662075512691,56.54295171442379,0.041311761,69.12200582
01-01-2025 13:32,119.20694930876289,1.9203804835286584,74.65492839756078,207.1607649482944,225.33171866665862,0.9560136753987953,22.95659058235478,32.58428399555659,0.035619771572836724,60.39285297290102
01-01-2025 13:33,198.08758214834054,1.6852822742760747,69.78532306,168.4838397947025,189.83330282942373,0.7388878655973561,33.13044859851141,37.926807924996176,0.045158468,70.9410212
01-01-2025 13:34,278.0908364041727,1.6070239664385426,73.88724351624106,155.95870973531436,200.32454226840298,0.2519194236307276,30.56740454617527,70.63465216878912,0.085799794,72.16065296854013
01-01-2025 13:35,102.66554725141665,1.8532205560765835,58.15838118255346,210.43593197147712,162.72610535596624,0.572580462,26.807698457103672,36.63019953734055,0.031283583,59.79511334549569
01-01-2025 13:36,205.7416458908707,1.7770244245924938,70.77076767383174,226.36922693503206,194.37870703917469,0.39219601477144317,28.109164914870938,41.66981347290635,0.075022252,63.431608827362595
01-01-2025 13:37,207.89005502313015,1.891600296278562,57.92185954081156,202.34013709220082,209.4970133121476,0.5758434571589452,32.74400262473687,52.66853028020786,0.069243904,54.19627331531032
01-01-2025 13:38,233.27825560382024,1.9463199320407307,78.17205438350875,172.67726253196457,191.5167028386589,0.5643724576050895,27.20202409,55.85604440566652,0.086097447,57.413915794073375
01-01-2025 13:39,82.89192128181494,1.6262434433853685,69.09122844600122,216.6521976693035,239.02851705849412,0.6657158422517937,25.598110536576904,68.18052398070793,0.041260145,69.75018987671619
01-01-2025 13:40,228.95624117052213,1.6738019770742474,59.73535400526026,158.01057266096024,201.1341656247726,0.48541639227940103,27.398712395389786,52.36662133330939,0.087282042,66.11656246308476
01-01-2025 13:41,277.25813016641024,1.9351854378702553,58.085355868768175,194.18337048019546,177.0973712592169,0.33141635956474247,28.68694706052574,69.49323105177695,0.097586572,59.06222536865422
01-01-2025 13:42,94.92077722,1.805900411903595,55.727797552149305,166.33667583984203,217.2152027615838,0.602975548,22.83616480667523,60.91731535227287,0.031917087,60.072097369468196
01-01-2025 13:43,109.38583123096942,2.037504092529669,70.83922876681183,168.44590510598834,157.0462511581642,0.8641623074766096,33.51361595400486,35.65498697119112,0.026836373378239166,56.02536894
01-01-2025 13:44,292.8487735104099,1.991374989155164,56.561468389937815,170.22939491582036,178.45158137062666,0.731209782,30.112804232444205,37.81657191964193,0.10550377963978048,51.787139628628374
01-01-2025 13:45,95.24423817737244,2.107362617793944,67.85909797782467,188.6707057043978,174.6958950377586,0.4706942927401727,29.499033760062332,51.851686272488536,0.048704294,49.65396311
01-01-2025 13:46,263.5962733423948,2.015495696001535,57.93905080776072,155.11502056203977,183.18070951077772,0.9484184182070858,21.49244339270957,49.844469654451984,0.091725812,49.30996704704384
01-01-2025 13:47,173.0694641120087,1.857958646434089,69.85906834381606,189.7793440929098,218.17798259287264,0.9297660569993458,29.062609072588877,67.17721348186473,0.077150862,59.16881178564651
01-01-2025 13:48,111.80776860079426,2.0037799734366595,74.44819185621617,201.1707447114701,188.41730321634074,0.36747871950727906,21.814409933577384,59.036856989867594,0.022199885,56.79240221650437
01-01-2025 13:49,267.68747531812784,1.7652287045532513,73.34075729,198.32942849663252,219.40144502659626,0.2315340680962904,21.180465127930987,49.406654050112465,0.07813367,65.07412363752614
01-01-2025 13:50,161.32631375066637,1.7837880992669277,72.82553992792344,188.27841004030404,197.64889031398658,0.7930469666806099,27.90966343,38.53801417251928,0.06259633,66.09946125470205
01-01-2025 13:51,178.70433848242254,2.073391095952476,55.63167217076756,233.91466080707525,174.20694346575553,0.8620882090793227,26.041783010697426,41.34185511627476,0.062508855,49.55319849274457
01-01-2025 13:52,139.80834234994143,1.8678517098409495,52.651548409535565,164.53266924205042,220.99787436834725,0.9742916527610843,28.83215405234335,58.77505092345295,0.059973616,56.11133382499366
01-01-2025 13:53,198.23771285873187,2.0790282043110118,70.96846485462157,200.5696743781374,163.82896705530916,0.9118691152706486,21.33833252085858,51.17194024498963,0.066254917,56.32915852605777
01-01-2025 13:54,90.88096815,2.093453424200967,61.05041641383054,156.20414169565544,162.43829797997955,0.6804278145651319,26.464745942708877,55.74637544,0.021765370103712343,49.28413917730134
01-01-2025 13:55,147.77038416294016,2.1145374025967705,62.97038679210042,157.11556788779097,190.4502924054836,0.6240418713699047,22.62180072567737,38.533871765111684,0.047367146272534535,51.33858319395988
01-01-2025 13:56,292.3530805838219,2.1499811415047247,50.93447278380173,207.38658496770964,166.0849245962089,0.22227284101006906,34.80650128886175,63.14531261722829,0.082611442,44.38523048
01-01-2025 13:57,114.53335817528189,1.8585911323079778,57.78729347825148,206.6018424887821,140.90870349512164,0.3973251574758223,28.417253186527617,72.62693704279835,0.027082768257749086,59.63301236209832
01-01-2025 13:58,214.18416613532304,1.7913200909926834,51.01029211623392,237.80335128444568,204.82975272988017,0.5676918013863412,30.31155291411301,42.89697533934503,0.081476136,61.405286101842826
01-01-2025 13:59,131.29751605617372,1.9493192479564685,76.37557317803743,205.78736756600733,191.10938214723978,0.7028031200668543,24.881274210239116,54.57571129159133,0.052712542023514296,58.71932865849991
01-01-2025 14:00,243.36828142165015,1.8227034540625766,57.301900496555916,245.97910204048503,184.5517814493161,0.6458014666547285,21.421083721690163,78.77636645104509,0.085158417,54.843276091414914
01-01-2025 14:01,82.71841517958745,1.9606445000801398,66.72011508719024,154.86948483999296,236.69685146183153,0.7941087917453524,34.63806294175305,46.66208702753639,0.010499893875557102,55.95474793594469
01-01-2025 14:02,292.45526126963614,2.023351517586295,51.16937961983391,159.8007684780741,197.11991839629138,0.42381354470963273,24.293885530747747,59.752317246188056,0.094388477,52.76073531603494
01-01-2025 14:03,163.44738534590982,2.013043011095282,70.00542173916975,154.40658615703813,226.34315777893846,0.6519620861219786,26.357122777603614,34.509785010012216,0.042504875204279285,55.53432557007813
01-01-2025 14:04,109.01261583661599,1.8247317322120729,59.69082037262282,168.527685,153.94502362051603,0.2705137947126337,29.747958825538625,60.30075012397216,0.048284559,60.84057253650015
01-01-2025 14:05,68.37418683250317,1.7001161210192517,76.93757560872997,204.1270110941678,196.92064631294278,0.5309324188665656,20.37045946529167,34.481588665230895,0.017068131,64.93835641306089
01-01-2025 14:06,92.43947627188518,1.8583176030773245,76.64354566802108,214.55721814274278,226.7979626730903,0.8001286663636809,32.153886957759305,77.96177177,0.020109747,60.55509486916112
01-01-2025 14:07,179.94348713900442,1.6855564864491452,59.758718550852436,154.55851579486688,198.3105757279898,0.7547206827432353,28.048672850429305,65.78313260361557,0.06057903,66.35219951450756
01-01-2025 14:08,134.25079410782158,2.134058221110285,77.02882687071404,244.59708898455995,211.80141781270015,0.9925141897377432,24.173257806032332,69.40798940678532,0.038572471457774114,51.864203083305185
01-01-2025 14:09,257.2208414706524,1.8075264764427146,79.88473020496336,234.21653766503812,177.20435678122072,0.42231290079020484,20.924119779387038,65.20521803858185,0.10100642099470561,67.10522054
01-01-2025 14:10,157.7218809154515,1.6926758483339943,74.76246992371844,179.66124821570932,149.24495170370665,0.5985514393391833,22.437476232116623,59.486451803823286,0.045488721,67.95572654109172
01-01-2025 14:11,112.17856814690748,1.6152686559434506,75.34614043265687,157.7187530226468,185.79002951270715,0.4636243310191974,33.425507882801554,52.49563905427527,0.023587537736967697,72.27013002214098
01-01-2025 14:12,204.2862466510075,1.9874934317718906,57.47026208,166.98870732190574,179.44793908388576,0.5524824912473398,30.290363359038366,72.91866898805313,0.046906757,53.02706362964151
01-01-2025 14:13,226.69430422136145,1.982141390472846,67.30107196573269,162.69444137549726,226.70601823789474,0.8855601038955105,23.748525824553347,77.84178337715315,0.075634727,53.200673301229585
01-01-2025 14:14,91.76047697523747,1.804362499948775,52.017677419021034,162.32837792989469,164.39953023524723,0.7473672601507892,20.984011474175443,54.95180864520407,0.025120458648125288,54.717452823663706
01-01-2025 14:15,91.90480407207941,1.6430271333085906,52.84753810465009,201.8561688665734,236.6734227535108,0.9059529530780654,30.359229685799544,76.57675245776309,0.016499063299029337,66.71044167284654
01-01-2025 14:16,59.16785673338575,1.8457773369371393,79.96677836099872,174.58474424934002,235.8138119804496,0.3628088866655092,28.586115889516478,59.166645499425876,0.031713496618242076,63.51015661
01-01-2025 14:17,234.10050376641013,1.7867304970380362,59.799177482777324,185.81397165291446,164.76316430714388,0.8986888942731504,26.067792866873525,56.91920934482166,0.08509612,60.25426553083368
01-01-2025 14:18,215.95113190545126,2.0062723838410057,72.44551736146539,248.95053333843225,174.80519554773204,0.24780981934270754,25.454171737850956,52.724136647767835,0.07206145,51.999862005621125
01-01-2025 14:19,168.65771893745347,1.9634675496716143,74.19995159080449,218.4314248925345,229.5555740873885,0.910879424,23.252214138936623,40.46438807650599,0.070143598,58.56076736011381
01-01-2025 14:20,261.04261224229924,1.8187562369185242,75.74069813021688,244.89806670470014,236.66222208961074,0.46325902356858234,30.044168848062764,30.18598304090296,0.094074635,62.86605000091131
01-01-2025 14:21,251.4175382375133,1.7307355325529943,79.92884892,164.25565550331157,184.3439102836044,0.4516701067312532,34.56002041690806,42.07531134280306,0.075996316,68.87009792702946
01-01-2025 14:22,196.33859109918805,2.1928215796933554,57.24489455770603,188.21394748325693,172.0997045640898,0.6096708613589312,22.635728687552387,55.486158580178255,0.055381226,48.464212784630504
01-01-2025 14:23,267.0678201283147,1.872400972717669,51.21052480579099,205.47318032823543,192.6094013251542,0.9525521501785854,28.956749300232552,48.99799761298763,0.097647535,52.06320429181203
01-01-2025 14:24,101.46030250919206,2.0129645414681425,62.335745539837575,157.6758061888738,208.7769206365735,0.2382250917451243,26.36277583618964,52.42426140013169,0.037952871,51.54936583183709
01-01-2025 14:25,77.97990484943196,1.6843317805470166,53.90242009486841,150.4187443627958,167.3474515,0.48178478005659625,26.700330826169974,79.03241097820248,0.027820745804266325,63.98846157
01-01-2025 14:26,117.4374028792474,1.8913538197956388,50.67277667486165,217.04343337969175,213.64731746190728,0.8852575909466687,23.812209201917216,47.51361853346638,0.030876551935858806,58.39005489144009
01-01-2025 14:27,64.27171402232871,1.6165220319216793,60.812804814244586,214.18195168014353,145.1657357114641,0.5168435819483734,32.37702313492129,52.60914696800539,0.027610499867537656,65.22887364756878
01-01-2025 14:28,182.79238200025802,1.9032730707462702,73.51214753225709,191.07888099996117,144.92944927644163,0.3593255180776536,27.278834062208617,36.67577756764098,0.053680459138746944,63.443228727961824
01-01-2025 14:29,284.1514230737404,2.1784104442706216,66.98542073675213,198.96440760320326,178.62877051455453,0.5398353450651294,28.15108778297396,32.39788662184938,0.09417086,47.532378179658146
01-01-2025 14:30,59.835885167127415,1.8305240277914803,59.38333967631062,191.54430005920895,175.34731920607206,0.5084420011933355,24.571413691959886,68.77047572962474,0.034514462994857484,59.463705500135205
01-01-2025 14:31,80.5274785,1.623397607544947,69.63026016478159,152.4005044844889,171.56332153671522,0.9323329611733628,22.727126985004247,58.53415875359893,0.020368362940238288,69.59402820472063
01-01-2025 14:32,163.04975707085882,1.6185734745516063,56.96054540926432,183.53716062174624,189.1019763,0.8095475005944777,21.28865582304231,68.03524030219475,0.038891776,66.77664403542856
01-01-2025 14:33,283.4687543819762,1.832792055968122,50.43144338216255,167.70822553972897,172.07335823115713,0.6040924445952052,30.71178711387374,37.49313994432758,0.084436561,59.87083995624595
01-01-2025 14:34,129.03902624418762,1.6960149618779166,72.93060159309282,159.84241891013687,159.2257918468092,0.9906964533772569,22.943514225317834,58.591438559134545,0.053171062058679094,65.60848033533702
01-01-2025 14:35,176.8087021720981,1.6140112577969117,68.71229254592028,245.67204338893498,170.9469549088601,0.5722220250207386,30.351130312831966,42.68212371706878,0.061778227,70.87283656
01-01-2025 14:36,60.39321476259802,2.0537281683701063,72.86907873502881,209.93597250421658,237.4904272810235,0.2465902646562202,25.855646690704308,41.403090845000996,0.018942953,52.65632568078756
01-01-2025 14:37,87.08580024052222,1.8751138053291345,51.16814050062997,222.86562842366027,181.11134169948485,0.40981945745198795,26.236622014844773,30.576300702649263,0.024082805,54.70480898993242
01-01-2025 14:38,296.6575307397117,1.773546863183593,75.11358883491957,181.53637432661174,184.47127768583357,0.5488563841754501,27.037662441391575,36.517036178453594,0.10423387187333533,70.25279359
01-01-2025 14:39,291.27967410901135,2.1400499098098886,68.585786,189.31471294940152,197.654499,0.32552209931689613,25.515627621913147,45.46340557498477,0.089087642,49.953262277329195
01-01-2025 14:40,51.234995233602405,1.6696833761203154,66.90186052,173.69239938967235,238.33407684142264,0.9580521010592344,21.50929965833885,35.843938029546955,0.020220379089682765,68.81956814878552
01-01-2025 14:41,287.95294635580973,2.1735512973731916,68.73842144343595,159.69656709654248,164.1601276435763,0.8134791182542185,24.644477150042686,79.29292202054688,0.089151691,50.081185955096856
01-01-2025 14:42,209.7799844538751,1.7883800304264117,75.93299740605093,167.90316374415838,208.12821105324338,0.41462976034221816,29.956015410409076,45.43163242619753,0.061299700939297624,61.80869837351662
01-01-2025 14:43,266.9795736300055,2.133042203385209,67.60809519676721,229.7514045296486,211.5984693541724,0.6726436268143328,29.986766022033066,36.51619733511641,0.083063283,52.70451472218915
01-01-2025 14:44,163.6849639084648,1.961765725887677,67.42851139664538,217.75458051837757,200.7324416793066,0.7771593256876577,24.293364608599916,39.95411564139789,0.051080388,50.99715888683184
01-01-2025 14:45,178.89900714481257,2.0960244158448926,79.72037471197297,204.69288759854769,148.8578339636644,0.9530231431254383,26.90153939836532,59.385161417073824,0.059442869034175186,51.56556548852185
01-01-2025 14:46,172.21164506423003,2.1904078979262787,72.70190501205704,197.5089872866768,207.68722758275766,0.9053082793403286,22.901708420179062,33.202176193239424,0.060045459,47.00600173900247
01-01-2025 14:47,216.71606438652609,1.7730432626912476,63.26881416353406,242.24342836561243,146.40947110361753,0.612153781,23.155581222947536,73.12170650705784,0.035716229,63.89547905499793
01-01-2025 14:48,84.91281368907823,2.176681291244556,71.22191000098783,157.27349477786683,199.6142649549897,0.819722096,20.345706326099112,78.07498396185736,0.020369287,48.614566882698306
01-01-2025 14:49,57.49339746816949,1.8336891369414523,61.67691415075365,178.0600813237916,213.95811772217428,0.649715803,33.451198248616166,42.337371033369045,0.015344588378276387,59.65418787109586
01-01-2025 14:50,126.98248539779773,1.8313071428421535,56.866263874504966,184.9937853570714,161.09698906199503,0.6421631120364322,23.160599976123592,52.50476342954297,0.057589753,59.09697237195941
01-01-2025 14:51,226.17019068416167,1.8042322625527034,67.90555630663277,228.24258122127878,224.16220075427742,0.29179356667055356,23.41300815404695,31.106722551474853,0.064966988,60.45577471217329
01-01-2025 14:52,100.4633630307371,1.9248445644085512,77.84546294341854,249.25146201619714,143.03538055330043,0.3009101264129217,24.194021489676977,62.035511236361074,0.035283192796296055,56.58084522337332
01-01-2025 14:53,218.35810833122932,1.6924870259070923,77.87418560046387,174.06705147571532,224.3812863658306,0.623626892,21.911121075431435,50.69630290262944,0.088100269,70.32837932848122
01-01-2025 14:54,292.4780115268176,1.9322268912148068,60.25715834316471,237.43073341370805,186.03290506427652,0.4150892359832053,29.588943247720444,43.502923305077786,0.084850449,57.14976824511304
01-01-2025 14:55,73.47517894735459,1.9250228874460025,65.83032398665085,233.0622760431791,161.75879399316446,0.2168295219683749,21.127144297663797,40.34185553083042,0.028553937206007813,60.334138049804196
01-01-2025 14:56,218.15052955628158,2.057141087562922,56.34907695709583,172.46573976417665,153.3778144993968,0.7782713631201699,22.013036394895252,62.70115388293802,0.065057709,48.40413769527187
01-01-2025 14:57,160.9375548261428,2.1001899771625516,79.86893328,189.93325801992225,235.33071675823726,0.22598927735213198,29.671350898851394,50.81085155161573,0.048867743,54.35181799109308
01-01-2025 14:58,267.0355635943763,1.8642648101874546,79.43353723603806,190.9672869292519,147.26655875811568,0.6762214728832436,25.09490930722164,38.982964451495604,0.081425805,61.74870158297997
01-01-2025 14:59,94.28744736184647,1.7813999496108963,69.48526789122342,247.82206685265584,159.90934199359256,0.6313550353018516,30.619217400517837,64.45545407,0.024267722,66.02200556
01-01-2025 15:00,223.15648805654112,1.7556009383902569,74.13242179,168.08919013788983,174.7822347433046,0.9750517524622435,28.36137117005213,58.25361415183468,0.1019765449780062,67.64637237581086
01-01-2025 15:01,259.5288224120276,1.7167743020229234,71.45300483851099,229.9157971104782,202.02348489611205,0.5873705114781134,23.840317595922695,72.93360275,0.095386714,67.04204769
01-01-2025 15:02,286.1535548685058,1.634588549319415,67.79474657118405,183.4192714,194.48010852760984,0.2508811491022379,29.76241925733992,35.87379494382465,0.10687881949881153,68.49634702812824
01-01-2025 15:03,220.81200707241146,1.8054687873008282,51.60043990966693,223.08703457761604,152.5643492412314,0.6413503742451694,21.74410520439321,69.2833301,0.078891957,61.02320084711678
01-01-2025 15:04,174.2936910021068,1.762148615,63.64293027657983,192.0011004295663,168.97279837382146,0.8728769364928812,28.046155746200455,63.67583934086295,0.042325819,64.53645049
01-01-2025 15:05,204.46181005030346,2.179850431519845,70.24358906502232,207.8359763,163.8751771086024,0.9974794274251519,26.55722157567552,35.75054684140489,0.072444286,46.48581974803832
01-01-2025 15:06,267.22624611967956,1.9346252957500265,70.32594841651054,233.2611773326131,161.35428544903414,0.544274539,24.018103742261612,64.74103649358604,0.10025008859516613,55.02458050634219
01-01-2025 15:07,192.65243665970743,1.8083662234183047,61.19367855267151,230.41655649838842,181.1144336479987,0.45623899399739404,29.06007497,52.07736444399152,0.056004572,60.327020972438525
01-01-2025 15:08,57.59676492420922,1.9482805605962177,78.25075959974092,236.6423184,210.40314525916568,0.9253226375615993,33.07000388510424,77.24923927779216,0.028948182921221352,61.74975713
01-01-2025 15:09,282.73717387674446,1.6835180208074174,55.020710967103426,155.9617325344659,161.74529322172359,0.35299370326089713,34.98357049644615,37.08056753089497,0.10176031534725018,66.95639567859007
01-01-2025 15:10,222.3816877578903,1.866426249521322,65.01078338646681,219.2050553039745,176.66788797029812,0.6923431320263413,29.116441531151366,62.14166954,0.093018266,57.120451757099325
01-01-2025 15:11,219.12834644431163,1.9757405928526384,70.72651929652469,163.99873767217628,179.09174268411624,0.5245715393447582,26.070588114937554,49.09900227,0.069230166,53.780165313399564
01-01-2025 15:12,103.91878809942929,1.893338699075471,70.91407417675427,191.5818568018411,237.64565294354102,0.23286589196444424,23.378106503243025,77.84073352954388,0.023836684190551544,61.99863457169099
01-01-2025 15:13,214.7213675581643,1.8410672803925947,69.45916870306446,204.85884150546883,235.4666356879069,0.4778307794445582,23.856441340926676,46.49874476451382,0.068315377,58.97787071539345
01-01-2025 15:14,148.4661014135396,2.196309033339819,58.2586464,190.27394847468307,220.01375827520758,0.4121828180021397,27.191824672246483,78.10929547,0.064091854,45.817958594402405
01-01-2025 15:15,212.80824426037302,2.1281888572893566,54.68619706059866,201.96116758030075,164.1658920819185,0.7488729231547895,25.50916551921064,75.07429255503746,0.053006703018805335,45.57754268987283
01-01-2025 15:16,76.64825757699768,1.9740435748956642,69.07820980480133,249.65263087986193,146.80373140916697,0.9590323981535345,33.70721783937417,43.519161765532814,0.004993409,59.087988814177066
01-01-2025 15:17,214.46132615075902,1.9416264167093698,67.97906348418313,163.52173137128548,171.69041377206247,0.4144377499029102,25.524432014835643,70.17708884132139,0.072738497,55.38990643018608
01-01-2025 15:18,299.85343144266665,1.9723962878947505,55.38068030867723,217.54560453364257,166.6794549433831,0.8491727513213454,25.60166886718153,79.78021009,0.096025007,55.467007606357086
01-01-2025 15:19,62.053009715139005,1.720787265,71.15417437,189.60009663856152,190.5925800146394,0.24428785355072763,25.753017686509654,42.63315010856412,0.020865037186328414,66.76906159
01-01-2025 15:20,294.29354605532933,1.8370826459585912,63.655159752009695,163.3009798907329,217.7727910067793,0.6304968080318505,32.54930315551487,51.83885846616599,0.10804145564089399,60.752115820526875
01-01-2025 15:21,151.72699018071765,1.6236757197345397,70.03281774809459,165.87367633743096,225.83229388788578,0.25644005096791567,29.76182481270353,56.00903682833798,0.045302848,66.11891759753452
01-01-2025 15:22,267.68836258431475,1.885327622492096,75.12101239310452,244.9273106245617,224.48640854105085,0.9472263929045115,29.21253275478339,44.74655679019322,0.070945543,56.20527087252563
01-01-2025 15:23,245.59637101456838,1.925814750374598,55.09185285730769,237.9601496711762,175.96755612230677,0.8130810244459121,25.012145335757932,30.763241982301487,0.10271959986187985,54.54464868
01-01-2025 15:24,191.75406524666695,1.7366498416619258,50.57434604,240.7041960415022,208.7234343460683,0.726359929,32.268562652486594,41.00646220987633,0.054265328983245674,62.14268766833722
01-01-2025 15:25,234.61230231283162,2.1784173082993084,73.37307759,249.15327758273867,171.2834198,0.8591171052997315,20.575457920335516,44.09684421708792,0.06800475,46.28752753092695
01-01-2025 15:26,269.6288903,2.1456727665623454,68.29092275457847,170.8315390008518,146.09055432351826,0.7180158364561307,33.061957585071696,52.17998506590936,0.10136287839621387,46.65388706746919
01-01-2025 15:27,151.03508041275825,2.033285941273544,70.98918708866366,185.5439337364062,210.15652656029422,0.9751555177394329,27.691248496908944,38.55512392067009,0.046751860727858835,54.989345026443246
01-01-2025 15:28,131.7582903908097,1.9200319772592178,75.14464924965928,216.92190299248665,140.98275525697878,0.7711663582918173,25.973753522951192,73.66271783458363,0.043505129,60.35335972047741
01-01-2025 15:29,216.89834639089617,2.121981495788611,74.08432804473502,198.38025398606473,180.91825874584885,0.9397268876657974,27.457509210765284,65.24555664,0.077488847,50.66212365662672
01-01-2025 15:30,251.96148548531465,1.678391406294078,78.82760440786474,191.83895333783335,172.93792693020757,0.6137055136085104,30.01123295800747,34.26002388,0.095242929,71.19026807
01-01-2025 15:31,240.57128369415395,2.074305876564931,66.07805236556355,185.7811249335593,209.33775385188522,0.29365153038549013,20.19148139776846,62.50462255699657,0.077256773,48.894970819075176
01-01-2025 15:32,249.4534122146586,1.674892488380109,64.65486897979716,209.37806319434523,216.6245472760379,0.6225421771384136,33.073277846873715,62.68282382028102,0.098766413,66.22340442658114
01-01-2025 15:33,158.89582870323324,2.0765263975296433,62.056616,207.55934286400822,170.4094635971284,0.3014982624504747,26.70109287967089,77.81105868218138,0.031872104128235074,53.64602251
01-01-2025 15:34,254.4585540437554,1.7654605409508144,54.61073128532614,166.14578340642402,221.16270144448535,0.6739947833411241,25.144497795501174,30.151043567808063,0.092841488,61.440368878912295
01-01-2025 15:35,80.05226384265211,2.126254348610914,67.17821698646067,197.1739837518439,169.39167605049337,0.5859944484221304,22.073683484510855,42.39662249029036,0.018422232807111884,49.63809448202958
01-01-2025 15:36,186.1222744902124,2.1664252562952386,58.310375729779366,205.34717762098498,184.63263599865613,0.6980603182662254,26.59198061537663,76.38957396876577,0.076073675,50.616958066081814
01-01-2025 15:37,51.43966512453039,1.6892775816430694,77.63922536638927,207.02869387313905,212.7018527014134,0.20803758484386528,27.444841569265684,76.60669576991415,0.018652732605023134,66.15805747585755
01-01-2025 15:38,131.14645747506756,1.8776053630392362,67.49572412831293,171.01071929123518,209.29202292247885,0.3558723933242913,26.054700417402167,66.02932096853186,0.03720501,60.987791037377356
01-01-2025 15:39,141.61538371784945,2.1885924268976114,67.78520542,224.22713922522868,238.7368472,0.5930643455297047,30.179901407403456,68.28816605,0.054069564,50.34131656676041
01-01-2025 15:40,149.04317290231384,1.890044461583888,60.64773983,152.51990948210695,162.5161024215932,0.9604028492713079,26.31344793138839,34.57414789648236,0.058861346394347654,56.87805364890946
01-01-2025 15:41,223.86680167246556,2.118128513508727,51.55968055933123,185.48318555431626,206.23179135395822,0.5068872322841267,34.42126367,55.693791738911685,0.08141432,48.30605714522686
01-01-2025 15:42,147.13952531758645,1.953238913278792,50.95231296118966,228.02126485356337,200.96819082757776,0.5394976208429078,28.98916276735388,41.57914956444997,0.038994778585060855,51.096867066664444
01-01-2025 15:43,162.17340565563268,1.8251979447517612,62.700054324595925,206.38929210554022,231.5098454,0.7717568712052978,32.11216903477863,39.06090218068086,0.049487919658416105,59.15862828371404
01-01-2025 15:44,109.38603271858187,1.7714701333155223,52.53696134291714,176.11624325108602,155.6362141644875,0.6830342058288945,21.640338546642184,70.51516495616663,0.036603592589510583,61.41851976805781
01-01-2025 15:45,143.3129479,1.7219338546516525,68.20540866620418,219.49531193430477,215.1798163586933,0.4391409200786666,25.959369394188585,36.75190683402737,0.047597241022456625,67.36086089339592
01-01-2025 15:46,106.81740681578788,2.0570789148266186,76.42919016918972,206.73909441560733,196.82686162687685,0.5286531164539423,25.05271552170729,53.43258184981926,0.043281286,56.24455446558569
01-01-2025 15:47,68.29898094211092,1.831924304093817,76.48744449556166,229.62436094563873,167.46658697879053,0.374159839,28.542235822048877,76.92891197930166,0.002731146,66.15977390923864
01-01-2025 15:48,200.86214834534448,1.9067652773204509,69.77136230396697,223.50251861898232,187.4434914147174,0.9728171673041668,32.916702800921385,39.291602778267126,0.07063209,58.548768250864995
01-01-2025 15:49,217.05319963875405,1.8953952880007092,56.33695494418793,211.01079220362345,173.37765970697978,0.3045075052458878,21.17507327,78.89967118691173,0.069813008,58.838802979154394
01-01-2025 15:50,204.87258650240364,1.9463674175398789,75.88990494076616,198.81776753108142,197.93134027884608,0.49746942765313557,21.088621970670662,79.71439928805296,0.06024731,57.63867459965978
01-01-2025 15:51,165.8735109501431,2.1193462873747313,76.58280305939624,163.31821256675235,228.9000610814666,0.22067117777600898,32.75476562236398,57.78085773412015,0.048142758,53.34689174006654
01-01-2025 15:52,144.94644504480743,2.1884436061500576,55.89960754858876,176.13330178853838,196.9304984412202,0.37742359354683713,23.192751290575362,38.507137008857896,0.046411682444830855,45.05715485941981
01-01-2025 15:53,265.83341239295635,1.8445505251442902,72.12278257312032,191.90994729170853,203.17224183265841,0.8243769107041239,30.031298816747206,45.80524439704478,0.053043342107045206,62.533891323016306
01-01-2025 15:54,179.77044628405451,2.0965113532637822,58.59558646781369,209.92992870063887,191.87478471147094,0.3609401858311036,28.143171985412078,51.22464163382676,0.053210204,49.70567891105552
01-01-2025 15:55,169.79546940743273,2.0587166767928307,74.07920937058789,201.37078552153048,145.1165506445476,0.2640507220231725,32.49340392330844,45.466211217911145,0.048123334,50.257764782808735
01-01-2025 15:56,56.41051645160892,1.9441173708733441,79.91713699710809,178.81845259595295,163.28585568760943,0.5795625438756187,21.876333647546055,44.03177899382579,0.024225355104515234,56.97048885
01-01-2025 15:57,135.31195690653908,2.173628286,50.90078015988178,150.64643577897107,189.20017294320826,0.20797538778761482,21.94674448583917,78.61148546081787,0.037274239,44.44010746
01-01-2025 15:58,145.04890469646426,1.7202847093170417,76.92097597372796,199.6239221900814,171.0235283744705,0.26781292354106656,28.352275404174613,37.668241370787285,0.046440245,64.19824866
01-01-2025 15:59,149.7056952242251,1.665558526185773,68.67891600795974,178.5625988562243,158.17635977611943,0.846100696,34.195679800375565,66.66639543584311,0.065574174,69.77586436056053
01-01-2025 16:00,195.04309230683307,2.1123771801732536,79.20147857494463,223.46083007105352,190.41328419184384,0.8171786758876851,26.224966375561316,30.020514471958744,0.075282951,54.08832044063507
01-01-2025 16:01,183.40063668171962,1.863489889980249,63.95028552579283,152.39462652704836,172.28097934478504,0.9321110563239168,24.904131503820423,59.809133470118844,0.070461927,59.904802611704184
01-01-2025 16:02,201.97627319836116,2.1081813125242364,75.42163791714121,208.4827811305791,165.81076431734147,0.8836123487285996,29.100339847968286,75.79715019770262,0.062663327,49.51480705694295
01-01-2025 16:03,241.22081538553206,2.135854123117249,51.871822057948314,244.14742375060655,186.39854174403808,0.7465404505918545,33.956729008175465,44.39670470466095,0.086239296,48.70047736463674
01-01-2025 16:04,253.24643467902337,1.637474556171443,60.05837150234887,167.44092671114996,153.3284258082173,0.24186628584053027,32.553917492669356,39.27629876288596,0.082498578,71.58711333304878
01-01-2025 16:05,229.5307690566236,2.1300788577916365,52.010496132536296,197.16494907505955,232.77457330754072,0.826278894,34.93225416,62.58398974392135,0.074931876,46.49309856973375
01-01-2025 16:06,288.8809239887337,1.8689914332216535,79.26029400437211,159.1421991817138,226.7702097919239,0.8764086486724485,20.338528748035657,65.63007036491966,0.10087196297369128,63.11347222891076
01-01-2025 16:07,54.55814566909041,1.9062594934025394,74.50921722,212.56819122613527,210.76205857405353,0.8392657166175637,21.692872170691434,64.40152594759907,0.012307042914935963,60.05494101712154
01-01-2025 16:08,98.94449642088652,1.9759555066559262,75.57642263737911,205.05316805962255,150.6213827588456,0.606783228,29.14201645049933,45.965844,0.048076437345429025,58.13780263923638
01-01-2025 16:09,51.89071874453553,2.1558295640380525,78.13895694301682,190.73655242128325,217.5877254469693,0.38632147091958535,32.30864659000775,42.610120107966544,0.015782089383440032,50.15549131382847
01-01-2025 16:10,211.86867853865076,1.6114696566578586,52.55310458359356,202.1377021473741,220.79573281090188,0.8762639805509813,24.278665134601496,77.79593999810221,0.077159613,66.98270617071677
01-01-2025 16:11,274.50763723749674,1.8861060809906904,61.56792778,239.6574658,216.7764617714338,0.7817302477921109,23.58816632051328,76.16497541349648,0.10651606326713439,59.68077751644712
01-01-2025 16:12,110.87057414407482,2.0126332254583366,52.131046671320064,169.6294302311067,151.39658871192412,0.9846089395110813,31.804636990718013,52.86583049464102,0.04745818,55.612128639723444
01-01-2025 16:13,281.75863619907665,2.033624174618937,56.32379304650086,152.25645117053472,204.3907957067765,0.32455407820474635,20.845727807798475,72.30969330771867,0.080299952,48.11964915573921
01-01-2025 16:14,65.06684757239022,2.015519458922265,56.88097331113017,236.1664884699101,223.43247957493986,0.38053166644164405,25.540739713738777,52.61617388,0.026246352886849567,51.54779133652951
01-01-2025 16:15,283.6090067013786,1.6806610776448732,64.07321633142736,207.71170823879066,197.73534012196677,0.36943851990520216,27.587138338884948,51.21945090362552,0.1035162111895683,64.22727919002638
01-01-2025 16:16,137.9056718099086,1.7796373530230087,58.05686502360928,239.06584554618422,204.6407375228089,0.8340318140970695,28.405230115254852,37.83814737996473,0.055117030277926866,64.60992868095367
01-01-2025 16:17,75.35520711230413,1.8152293152502081,53.029343204532836,209.69452234131725,185.83634794263062,0.34952583716009455,30.929227351891655,51.32030282459864,0.014111046041475573,57.82122009225844
01-01-2025 16:18,171.4679397965814,2.0826623246077034,55.024732672823234,231.01610899597023,192.87073198840525,0.2533278638586449,25.322685851459873,56.87084692999035,0.050871407,45.81205196268492
01-01-2025 16:19,114.19414193012699,1.767255923448732,54.41826690656273,192.9673363355148,143.43768583517252,0.998848645,29.19026517011911,31.125216371434323,0.04820062,62.469790441060425
01-01-2025 16:20,121.2182254904807,1.726422978320322,79.19230393736895,224.98599312882686,203.89630219732845,0.21985376915611932,28.780631341864343,52.20565025877032,0.032990502,71.27016388414714
01-01-2025 16:21,126.82249123157165,2.174468811422858,72.77877521,241.3041466889856,148.14472128911592,0.8681952481270925,28.214241509806207,69.06781092,0.039488574,49.90419832171806
01-01-2025 16:22,250.75647445816585,1.6053179710680814,79.03284395808686,207.21229637222064,183.50145943402234,0.49229347324052225,29.60724939713318,64.00230282,0.099762177,73.00344570345796
01-01-2025 16:23,184.79031916881362,2.198692513409187,63.19221459523726,168.07851505623796,169.2655097667408,0.8732923678062523,23.891737566021146,61.75784944319675,0.061426764,46.50902422823196
01-01-2025 16:24,127.82692478900091,2.0060927793144376,58.35105445,176.8797615030198,194.54279502117132,0.643696393,21.269731303769433,75.47777142186013,0.035554278425976873,55.256181043049544
01-01-2025 16:25,202.5834458277296,2.0970815796694704,73.94879592,169.8644576897406,153.3416335523207,0.9213049835890881,21.789075080596152,30.90160049,0.059089280783660374,50.15809745644801
01-01-2025 16:26,229.0376685557984,1.776771637807716,59.787617541234404,174.6857027595733,209.16434019733182,0.9409543891317014,23.368735739808514,57.852379309611706,0.080054812,61.66296378776561
01-01-2025 16:27,118.15600018338344,1.608589166600236,58.98150121116045,180.64154493510364,219.50115369284703,0.2072785450246208,27.50296903284178,69.36744242048536,0.026250779976661365,67.54735328120358
01-01-2025 16:28,153.38727538133787,2.042721711136918,56.97517976623494,205.51337867531885,156.33544497431564,0.26032974079423066,32.60664126,57.06676913506336,0.048911378,48.35043689318685
01-01-2025 16:29,80.47152333423689,2.1004867582004056,53.89036934672706,208.79916294638326,150.43130873518822,0.4002869836566844,30.51940013132576,46.19477762901896,0.030290265666869577,47.10185302249558
01-01-2025 16:30,95.28733738367008,2.044285679172112,57.69389183050298,192.6499747241861,154.5515482787359,0.7354523330908014,31.83560906303071,36.812528254598895,0.044912756,52.982793391181026
01-01-2025 16:31,220.2794634912457,1.6857101723805032,60.65959245421663,211.54207798208353,227.71275618985015,0.9106177572092049,25.26463435889137,74.37815359080957,0.080469101,66.83671589240866
01-01-2025 16:32,95.35958692390673,2.0520567533541816,70.21982624437192,158.1574925611366,192.81892617563562,0.5679535610351703,26.069806124728252,53.53811961938015,0.02480481,54.25031611492353
01-01-2025 16:33,181.29084591676505,2.0613536692645846,51.87694526658355,158.7788237,186.72609960075027,0.6855784930194124,25.905228289859192,73.90575984928506,0.072516627,49.21419350603997
01-01-2025 16:34,227.26156543060816,1.995124309402033,56.31520818996029,167.18294603576584,150.67118191023542,0.3507998822364489,22.878097766067523,59.292606121658416,0.073137474,53.50471682736792
01-01-2025 16:35,76.71923077368595,2.059669559677352,74.27070920875029,201.80774980403447,204.9556006756962,0.8439734671053483,20.91824987215358,63.709605830750036,0.013343912088690704,51.866178769959774
01-01-2025 16:36,191.8280549072259,2.1075528638066396,54.407657707513124,171.39946786983137,226.7999592,0.9738624890827758,28.86374139,70.21305772,0.062541985,46.960397217382585
01-01-2025 16:37,114.14069592534094,1.9681624685424752,60.27935439567565,178.32844034925773,222.81858693234528,0.414879146,34.83825025130879,62.95777723000672,0.052618825,54.71338061137348
01-01-2025 16:38,290.7317188093949,1.6531628283818076,75.93976766,190.0312836172994,202.6054708980801,0.5958607612804371,22.502445574253944,49.902742033946886,0.099047526,70.61647211364031
01-01-2025 16:39,170.88641167998117,1.8925766858003268,54.64775933430328,231.18661240103796,147.52787166516737,0.26889288840509906,20.700272298489107,55.68166919643255,0.057372167,56.86686014469133
